provider_id,total_cost,total_claims,total_patients,avg_cost_per_claim
3300PN,50272,5,5,10054.4
01S1YV,1014264,88,76,11525.72727
1800BG,742232,63,46,11781.46032
36T0AC,232996,17,14,13705.64706
4530WG,290580,29,26,10020
1001JT,24192,3,3,8064
23T0HR,240824,27,21,8919.407407
1002TC,311612,28,28,11129
4401WJ,44260,4,4,11065
36T0CG,176920,12,11,14743.33333
10T2SU,5068,1,1,5068
28S0WH,210312,21,17,10014.85714
1002HU,7100,1,1,7100
3702VR,176764,16,13,11047.75
14T1GU,49572,7,7,7081.714286
1101CP,69292,4,4,17323
44T1TD,119552,12,9,9962.666667
1000DM,73240,5,5,14648
3301TN,19148,3,3,6382.666667
2400BM,13124,2,2,6562
4508DC,43024,1,1,43024
3100VC,2533152,231,165,10966.02597
1600HA,232972,20,17,11648.6
1500TP,280896,20,20,14044.8
2600BQ,710704,66,45,10768.24242
07S0VA,50384,6,6,8397.333333
42S0NU,183004,20,19,9150.2
1430AA,159976,17,15,9410.352941
2301JB,16024,1,1,16024
0507MP,15048,2,2,7524
4413DK,112524,10,7,11252.4
2302UA,11092,2,2,5546
33T0NH,5068,1,1,5068
1920CR,249530,25,22,9981.2
33T0CT,27292,4,4,6823
2500ZC,89308,6,5,14884.66667
4504GJ,252276,23,17,10968.52174
31S0WC,166192,24,23,6924.666667
1400CP,33252,5,5,6650.4
4507VS,540244,55,43,9822.618182
34S0GK,507592,44,37,11536.18182
2613AN,10124,2,2,5062
1900XM,35284,5,5,7056.8
4200BC,15048,2,2,7524
1001TH,71304,4,4,17826
32006H,113388,9,7,12598.66667
17016H,369864,16,15,23116.5
1800SA,1343666,121,90,11104.67769
1300PR,170296,20,13,8514.8
5000NB,191916,20,13,9595.8
1100WV,997512,80,62,12468.9
4901NS,386012,40,35,9650.3
4001HV,16200,2,2,8100
0503ZG,122572,8,8,15321.5
39T1KP,193004,16,14,12062.75
0520QG,134236,17,16,7896.235294
45T3AG,13024,1,1,13024
2600JJ,110068,1,1,110068
33016Q,84780,12,12,7065
44S0QA,14024,1,1,14024
4506ZH,63392,6,6,10565.33333
3300XJ,283528,26,19,10904.92308
15T0BS,11100,1,1,11100
0501UC,47328,5,5,9465.6
2713XD,33116,3,2,11038.66667
4500GA,7068,1,1,7068
0300CC,2048956,173,112,11843.6763
1400BU,99568,10,10,9956.8
35006N,344788,31,25,11122.19355
3720RJ,288844,16,16,18052.75
2201UG,484928,51,44,9508.392157
2400PR,379876,33,28,11511.39394
4200NV,1500236,115,88,13045.53043
45306M,220340,25,24,8813.6
6730UR,110856,17,15,6520.941176
0501QU,131648,14,14,9403.428571
1140JB,281332,25,24,11253.28
4600SU,225976,16,14,14123.5
5201SV,218720,18,18,12151.11111
3401TU,20116,3,3,6705.333333
1013HP,237268,21,17,11298.47619
4901KQ,44328,5,5,8865.6
4402QP,19124,2,2,9562
0200DA,49140,4,2,12285
1513QH,31048,3,2,10349.33333
0700SS,647436,59,41,10973.49153
4500YG,1346980,134,88,10052.08955
24GUYC,282700,29,26,9748.275862
0100HQ,98768,12,12,8230.666667
2302NQ,341284,24,19,14220.16667
0400TQ,116592,12,11,9716
1413BH,31136,3,3,10378.66667
4900HJ,84188,7,6,12026.85714
0101BA,65324,4,4,16331
1300RT,36208,5,3,7241.6
3301BK,22204,3,2,7401.333333
45028N,201776,17,13,11869.17647
0505DJ,180936,14,13,12924
2601JS,229430,22,19,10428.63636
48QBWD,159692,12,11,13307.66667
0700GD,35372,5,5,7074.4
4401NU,14192,3,3,4730.666667
4300XN,142612,15,8,9507.466667
2200ZT,498232,38,35,13111.36842
0502KN,1650176,167,154,9881.293413
3301UH,121016,15,15,8067.733333
3400CU,556636,50,33,11132.72
27T0GK,250368,23,14,10885.56522
4500XN,430384,35,19,12296.68571
19008R,652136,58,29,11243.72414
1002BA,100368,6,5,16728
4900UA,380660,23,16,16550.43478
1002ZM,97208,5,5,19441.6
3600GU,39216,4,4,9804
1000DT,74724,12,12,6227
2613QG,76388,8,7,9548.5
22RUVP,7068,1,1,7068
3300QP,29336,4,4,7334
16T1DK,5068,1,1,5068
2501VP,11000,1,1,11000
0400CG,5024,1,1,5024
50T0AH,68236,3,3,22745.33333
0400AC,2850552,261,182,10921.65517
3600HV,562772,52,29,10822.53846
4505KR,74356,8,6,9294.5
2400VB,489832,35,27,13995.2
17T0QK,55364,6,6,9227.333333
2700AG,213564,9,5,23729.33333
1400XP,227868,19,17,11993.05263
0600VR,74404,5,5,14880.8
0400YV,186256,20,20,9312.8
33036V,312844,16,16,19552.75
2801DC,73336,9,9,8148.444444
3100YV,76396,7,7,10913.71429
0501HC,66428,6,6,11071.33333
2713KN,41100,1,1,41100
5000MQ,406592,32,21,12706
3700TQ,205284,22,14,9331.090909
05S7DQ,177052,17,17,10414.82353
4900CN,1867376,175,129,10670.72
5000VM,339196,35,29,9691.314286
3920JG,196684,14,13,14048.85714
2501AV,70340,6,6,11723.33333
2240JG,37252,5,5,7450.4
44016P,105620,10,9,10562
4400JJ,159140,18,13,8841.111111
2501CB,37248,4,3,9312
04006K,259288,22,18,11785.81818
42008K,25116,3,3,8372
1200VD,80484,7,6,11497.71429
4201DC,10116,3,3,3372
0506DB,41096,4,4,10274
05T7CP,24160,3,3,8053.333333
1813SQ,93216,5,3,18643.2
14T1UP,10100,1,1,10100
1800RV,405900,36,25,11275
3600CS,2015844,187,135,10779.91444
3301BB,2108552,165,148,12779.10303
3400NR,48420,7,6,6917.142857
50S08C,99408,8,8,12426
4401NN,562616,52,43,10819.53846
24018G,109784,10,10,10978.4
3620SN,42784,5,4,8556.8
2800CK,182116,22,20,8278
5300AP,13136,2,2,6568
45T0RR,38184,5,5,7636.8
4520RV,10124,2,2,5062
36T0TQ,5100,1,1,5100
3600JK,84216,4,2,21054
5013WV,6024,1,1,6024
4502TB,5024,1,1,5024
21008K,754696,53,46,14239.54717
18016Q,87324,9,7,9702.666667
3601DD,56604,11,11,5145.818182
5202MU,408600,29,26,14089.65517
1100QH,206400,23,18,8973.913043
4500JD,78632,10,10,7863.2
1000VH,546100,38,36,14371.05263
0600SN,224696,22,14,10213.45455
45T1WC,106488,9,8,11832
3302WH,94344,7,6,13477.71429
1813GK,70172,5,4,14034.4
0413NB,42528,7,6,6075.428571
1700PP,87164,5,4,17432.8
0100XC,6024,1,1,6024
0500QT,13068,1,1,13068
0200HC,160912,13,13,12377.84615
1120MN,122288,7,7,17469.71429
1700KK,34216,4,4,8554
06018D,1425760,132,94,10801.21212
2400JM,647424,58,50,11162.48276
2013PR,78260,6,4,13043.33333
15016R,517924,39,27,13280.10256
1340TM,139632,10,10,13963.2
0500WD,10048,2,2,5024
1613MC,72140,4,3,18035
49T0MA,85444,8,8,10680.5
3401MU,27160,3,3,9053.333333
3601DT,14136,2,2,7068
1002HG,14168,2,2,7084
34T06K,151308,12,12,12609
1401YS,1307148,133,90,9828.180451
0503SD,2867692,271,235,10581.8893
0504YJ,1400284,110,92,12729.85455
4900ZV,1021020,93,56,10978.70968
2601TU,251088,26,24,9657.230769
5000PS,1353396,122,105,11093.40984
5000PC,147584,14,14,10541.71429
0101WA,120572,12,7,10047.66667
1513JJ,204400,8,5,25550
2300CK,146212,15,13,9747.466667
0502ZV,80468,9,9,8940.888889
3900YR,138368,8,8,17296
1101KV,57216,4,4,14304
0301SJ,39184,4,4,9796
3700RN,8068,1,1,8068
1000AH,7426576,651,543,11407.95084
33T4RJ,385060,21,17,18336.19048
4200DU,11068,1,1,11068
2400KU,239252,24,24,9968.833333
1401AH,124532,9,7,13836.88889
2400YU,193056,20,19,9652.8
4506HJ,160748,13,12,12365.23077
0500SP,136776,15,15,9118.4
3700BN,127364,16,13,7960.25
33T2GD,42184,5,5,8436.8
0101SS,69184,4,3,17296
07008H,127788,11,11,11617.09091
2813UC,44336,4,4,11084
1813RV,162772,13,6,12520.92308
4520DR,1068,1,1,1068
1100CR,511264,47,36,10877.95745
1000VV,1392400,122,112,11413.11475
10008H,290292,23,21,12621.3913
3700KP,110764,14,10,7911.714286
4507JD,131432,8,8,16429
4401CB,85620,9,9,9513.333333
2600WQ,55432,9,9,6159.111111
4313TJ,65164,5,2,13032.8
05T0MP,85364,7,7,12194.85714
67006M,76288,7,7,10898.28571
30T0RK,103388,8,8,12923.5
45066A,233856,19,16,12308.21053
4520BV,49252,5,5,9850.4
0502YG,99328,5,5,19865.6
2920RP,21116,3,3,7038.666667
49T0WN,1068,1,1,1068
1600RM,68548,11,8,6231.636364
1900TG,315220,20,19,15761
3300JQ,1797984,170,145,10576.37647
2501RJ,114424,10,7,11442.4
2400DP,156236,20,18,7811.8
1002QH,427496,43,42,9941.767442
5130XG,1226892,98,57,12519.30612
0130PQ,277552,28,22,9912.571429
39S0PA,219792,12,12,18316
1700CK,100336,9,8,11148.44444
1100HU,151440,11,11,13767.27273
49018N,54160,3,3,18053.33333
0300DD,1970824,167,146,11801.34132
1900ZP,1312248,113,78,11612.81416
3600YD,192200,25,22,7688
1801VJ,91252,9,9,10139.11111
1000MT,459536,45,43,10211.91111
52WMAS,100252,6,6,16708.66667
3401BS,124728,13,10,9594.461538
1101WN,247252,21,15,11773.90476
16S0CR,116724,16,14,7295.25
3200CM,61452,7,7,8778.857143
3702WS,19136,2,2,9568
4001SM,50460,6,5,8410
3400TQ,18136,2,2,9068
3700CG,102516,8,7,12814.5
3400WD,631192,58,54,10882.62069
0505PT,135336,18,18,7518.666667
0503JS,200120,19,19,10532.63158
2400GQ,57472,6,6,9578.666667
0100PH,485740,39,26,12454.87179
3100AM,542592,44,33,12331.63636
44008H,99164,5,5,19832.8
3401PQ,58428,6,6,9738
05T5NH,8136,2,2,4068
1901DH,7100,1,1,7100
0506CJ,12192,3,3,4064
0400BD,18092,2,1,9046
1500QB,2615088,232,172,11271.93103
1000XR,417544,31,30,13469.16129
2301QA,510092,50,44,10201.84
34S1GQ,104224,13,13,8017.230769
52016B,251108,22,16,11414
0505CQ,91376,7,7,13053.71429
3602DB,162428,18,15,9023.777778
0501GK,748600,66,48,11342.42424
4506WS,43160,3,3,14386.66667
4520QP,16136,2,2,8068
31JQYB,20024,1,1,20024
3800US,24248,4,4,6062
2201AQ,7024,1,1,7024
4901NK,50328,5,4,10065.6
4520RH,81444,8,8,10180.5
4220DT,7024,2,2,3512
5130WD,316464,27,21,11720.88889
1413ZC,172640,14,9,12331.42857
1001XN,265020,17,17,15589.41176
3101MP,348552,30,29,11618.4
2600PG,1299928,112,101,11606.5
4200AR,293340,28,23,10476.42857
6700BU,28192,3,3,9397.333333
05008M,63464,7,7,9066.285714
6700BG,222624,12,10,18552
1300SU,316652,23,12,13767.47826
44T08G,315320,26,24,12127.69231
1501NJ,6024,1,1,6024
33S3JM,18092,2,2,9046
1313CB,14024,1,1,14024
4901VT,217236,23,16,9445.043478
03008A,131320,14,14,9380
1500HA,62120,6,6,10353.33333
10S2XM,69372,5,5,13874.4
4505BH,367860,31,21,11866.45161
1413SB,162576,10,8,16257.6
1701KT,111572,12,11,9297.666667
0101JA,104264,6,5,17377.33333
0100WR,22260,4,4,5565
3900TS,47328,5,5,9465.6
1413CR,51216,4,4,12804
2413QQ,39436,5,5,7887.2
45T2HR,79336,4,4,19834
0413WN,14092,2,2,7046
0501XP,45392,5,5,9078.4
1920PG,33316,5,4,6663.2
5213CT,38240,6,4,6373.333333
03S0YU,4068,1,1,4068
3200KD,6024,1,1,6024
45076B,619940,52,48,11921.92308
3800ZR,1812812,181,152,10015.53591
1700HP,373720,32,25,11678.75
2900TJ,270220,28,28,9650.714286
1600MG,853988,88,71,9704.409091
3630PA,326696,28,23,11667.71429
3140XB,186980,18,17,10387.77778
4501YB,39336,4,4,9834
15T0XT,73388,8,8,9173.5
14T0HD,36192,3,3,12064
3400XN,4066684,347,256,11719.55043
1900JS,474050,55,44,8619.090909
3302VG,2543092,226,142,11252.61947
3700JN,205272,18,16,11404
3013SA,212300,22,15,9650
14S0RA,9024,1,1,9024
11T1TJ,49328,5,5,9865.6
0501WU,314176,37,26,8491.243243
3302QQ,602672,52,47,11589.84615
2801NN,610896,58,45,10532.68966
3600RS,290844,31,16,9382.064516
0503QR,120384,8,8,15048
4400RR,159740,15,10,10649.33333
4508UG,47092,2,2,23546
1613QA,6068,1,1,6068
1902JU,10024,1,1,10024
3901VN,15100,1,1,15100
5201QT,19116,3,3,6372
2100YG,1033820,89,76,11615.95506
1401RJ,500780,53,46,9448.679245
0513ZU,54536,4,4,13634
33026N,229776,20,19,11488.8
3902PV,230268,24,22,9594.5
1901AC,742272,73,45,10168.10959
3200UH,113596,13,13,8738.153846
44T1MT,205876,17,16,12110.35294
4503MS,65288,7,7,9326.857143
1501PK,72264,6,5,12044
2400TV,133696,14,6,9549.714286
1600YU,180814,15,10,12054.26667
2013RT,22160,3,3,7386.666667
4501WV,132644,10,8,13264.4
1002ZT,2256608,180,135,12536.71111
44S1DD,767676,67,53,11457.85075
4506GH,270736,25,21,10829.44
0300VQ,60444,8,7,7555.5
0330GM,37148,3,3,12382.66667
4501MK,196728,14,12,14052
05038R,279016,22,22,12682.54545
1701VA,45284,6,6,7547.333333
3313GQ,14100,1,1,14100
0330HN,65184,4,4,16296
19S06J,31160,3,3,10386.66667
0507NQ,53228,4,4,13307
4400AP,20168,2,2,10084
11T2MB,317596,26,23,12215.23077
3901ZS,898396,76,66,11821
4500PK,2048672,159,128,12884.72956
1801SD,415492,47,43,8840.255319
4300KU,71640,8,7,8955
3100ZR,949432,77,71,12330.28571
26T0QA,110520,8,8,13815
1101PM,5100,1,1,5100
3300SB,23124,2,2,11562
3601CS,34184,4,3,8546
4506JM,77256,7,6,11036.57143
6700XV,182684,14,13,13048.85714
4240GQ,310448,29,27,10705.10345
1002QQ,781436,75,69,10419.14667
3813VD,88212,7,7,12601.71429
4240HR,474096,40,34,11852.4
3300AU,398754,39,37,10224.46154
2100AK,167724,21,20,7986.857143
0500CP,144992,15,14,9666.133333
4200UH,486004,47,28,10340.51064
1613ZD,61516,11,9,5592.363636
33S16N,47192,3,3,15730.66667
1713CU,31164,5,3,6232.8
0505BP,244800,18,16,13600
4504MQ,29092,2,2,14546
4200MG,53116,4,2,13279
4505DK,54452,7,7,7778.857143
0503CM,10168,2,1,5084
4530PD,344324,28,26,12297.28571
3301GP,222520,22,22,10114.54545
1000AV,2833780,259,176,10941.23552
4200YN,173792,13,12,13368.61538
4520UC,128844,10,10,12884.4
3400CG,155636,11,10,14148.72727
1300ZH,1339620,130,86,10304.76923
1030VK,68440,7,7,9777.142857
1002VV,173952,16,15,10872
2500YK,82544,9,8,9171.555556
24S0GR,127532,8,8,15941.5
45T6ZJ,113596,8,8,14199.5
33S1VU,133020,16,16,8313.75
0700MT,5000,1,1,5000
2301DT,15172,4,4,3793
2200QH,12068,1,1,12068
3700XU,39308,6,3,6551.333333
1002UN,89216,4,4,22304
4401XK,12136,2,1,6068
3303YT,1471292,116,101,12683.55172
3800BU,1220008,138,107,8840.637681
4920PG,70284,5,5,14056.8
5100UD,142512,9,6,15834.66667
0502UA,214072,18,18,11892.88889
5200MP,771646,69,49,11183.27536
15T0CT,17136,2,2,8568
0700RR,26328,5,5,5265.6
0413PC,186748,14,11,13339.14286
4900PR,102692,11,11,9335.636364
31S0UA,26368,4,4,6592
2413WJ,26248,4,3,6562
0700PP,517052,36,30,14362.55556
1001VK,317760,31,30,10250.32258
4200AB,81504,6,6,13584
39S1HK,38320,6,6,6386.666667
29T0WG,195988,22,21,8908.545455
1400CG,36216,4,4,9054
1200XH,114476,8,8,14309.5
1713JD,12148,3,3,4049.333333
0600DG,66320,6,6,11053.33333
44006N,576852,52,31,11093.30769
2600QH,1951752,197,126,9907.370558
3400RU,359644,33,29,10898.30303
2200TM,1005868,100,91,10058.68
1902UB,210720,21,16,10034.28571
0601TR,387612,28,24,13843.28571
1813TB,25160,3,3,8386.666667
50S0QM,14124,2,2,7062
42S0RB,76620,9,9,8513.333333
3901VU,153004,20,19,7650.2
4520SJ,114524,10,7,11452.4
4506SU,223088,19,19,11741.47368
11018T,77356,10,8,7735.6
3100ZA,32252,5,5,6450.4
3013GK,72476,8,7,9059.5
3920BU,246844,18,18,13713.55556
4506KU,12092,2,2,6046
5213ZG,96220,6,6,16036.66667
0507PJ,27092,2,2,13546
38008N,92352,6,5,15392
0500VS,1546112,147,100,10517.76871
2501QH,1695508,164,111,10338.46341
14018H,2070932,190,169,10899.64211
1002YC,1071172,102,87,10501.68627
4200KD,247996,16,16,15499.75
22006U,358952,35,31,10255.77143
0507JM,411420,19,17,21653.68421
0501VT,252200,19,19,13273.68421
1002WA,196968,20,19,9848.4
4200XM,41240,7,7,5891.428571
3100JU,77352,6,6,12892
1000SS,124796,14,13,8914
1500GP,225080,21,18,10718.09524
0505ZK,167728,13,12,12902.15385
24008S,121564,13,11,9351.076923
03008J,625948,59,53,10609.28814
0505DR,37408,7,7,5344
26T1ZK,56092,2,2,28046
4506CD,151680,12,12,12640
1402YB,12092,2,2,6046
1400PS,59508,7,6,8501.142857
09MQPA,23192,3,3,7730.666667
5300RA,53572,7,7,7653.142857
39T0KG,64092,2,2,32046
1413MS,34100,1,1,34100
0506MK,716132,58,55,12347.10345
1730JK,518852,51,45,10173.56863
05078B,11024,1,1,11024
1601JV,86520,8,6,10815
05T0NQ,95328,5,4,19065.6
4000YA,65284,5,5,13056.8
1901SV,4068,1,1,4068
1413JH,11136,2,2,5568
33T3JD,10068,1,1,10068
0300YT,54048,2,2,27024
1902RG,9092,2,2,4546
1513VP,10092,2,2,5046
05S6NS,11100,1,1,11100
45006J,847084,93,62,9108.430108
45T0BJ,85652,9,9,9516.888889
0301ZS,142996,9,9,15888.44444
3600BB,177992,19,13,9368
4900JC,96732,11,9,8793.818182
3740TN,152164,23,21,6615.826087
10018C,82524,10,10,8252.4
1902HS,58408,7,6,8344
4507HK,18160,3,3,6053.333333
4100CG,30136,2,1,15068
3713VH,26136,2,2,13068
1101XG,103568,11,10,9415.272727
4506UA,1696764,168,137,10099.78571
5213CM,175388,21,19,8351.809524
1120HH,80476,8,8,10059.5
05T0BC,157052,17,16,9238.352941
1400RU,1843516,161,106,11450.40994
1601HT,147264,7,6,21037.71429
0507TP,10300,3,3,3433.333333
3601QJ,53252,5,5,10650.4
25008V,160680,12,10,13390
4001RK,7024,1,1,7024
1500NH,473724,48,45,9869.25
3901KR,1824556,150,107,12163.70667
0502CN,80420,7,7,11488.57143
17S1XA,129732,15,15,8648.8
2601QR,152016,21,11,7238.857143
3700KG,163912,17,6,9641.882353
4500WM,14092,2,2,7046
4500DV,65376,7,7,9339.428571
4600CD,60208,7,7,8601.142857
1100RJ,32368,3,3,10789.33333
0501GB,7048,2,2,3524
0313QN,22048,2,2,11024
3700ZA,772732,69,48,11199.01449
3400KP,261024,37,31,7054.702703
4400HG,397832,33,28,12055.51515
4200QS,1171338,96,84,12201.4375
10S2BS,241688,16,15,15105.5
30S0SV,121828,14,14,8702
3602RQ,54492,6,6,9082
1800NC,66376,7,4,9482.285714
1102YV,62320,7,4,8902.857143
45S1JR,16160,3,3,5386.666667
3301HH,79228,4,4,19807
0300AQ,113348,10,3,11334.8
45S6MK,30048,2,2,15024
42008B,58432,8,6,7304
3500VG,160524,17,10,9442.588235
1900JK,22192,3,3,7397.333333
2920US,3100,1,1,3100
3900HM,638396,58,53,11006.82759
0505YJ,1386936,133,124,10428.09023
1902PC,175928,16,14,10995.5
3200ZG,1213328,122,90,9945.311475
05T2TU,275536,20,20,13776.8
4503GM,612080,52,46,11770.76923
4620RQ,147156,15,13,9810.4
1100NM,120616,12,10,10051.33333
4900DG,54416,6,5,9069.333333
3300RQ,65396,6,6,10899.33333
0502XT,138872,14,14,9919.428571
07T0KG,30292,4,4,7573
5213UH,87924,10,9,8792.4
21BVKQ,85592,11,6,7781.090909
0413KV,70420,7,7,10060
3100WT,63460,6,6,10576.66667
28WTDZ,42248,4,4,10562
05S7BN,9068,1,1,9068
1002XR,90260,4,4,22565
3300VG,1084064,100,79,10840.64
1320SR,19160,3,3,6386.666667
2600HU,114176,9,7,12686.22222
1501QM,39436,7,7,5633.714286
1400JU,93604,12,10,7800.333333
1500KD,578440,56,46,10329.28571
05S0PQ,75424,9,9,8380.444444
3613CJ,7092,2,2,3546
1001HB,167868,18,18,9326
0500HK,12192,3,3,4064
3700HK,68296,6,5,11382.66667
0507DP,91596,8,8,11449.5
3800KH,69376,9,8,7708.444444
3400YV,57284,5,5,11456.8
2301UG,71136,9,7,7904
11T1VM,6068,1,1,6068
53138T,11168,2,2,5584
3902AH,5024,1,1,5024
2100CN,897500,85,62,10558.82353
3302DC,573712,59,54,9723.932203
31S0TV,239972,21,17,11427.2381
45T3BH,45072,3,3,15024
1001ZQ,2613676,237,180,11028.16878
1001BT,91660,12,12,7638.333333
0100HH,144892,14,14,10349.42857
0506TS,451960,46,43,9825.217391
11T0JN,135696,13,11,10438.15385
3200MU,314648,25,17,12585.92
4600BC,266508,27,26,9870.666667
0300XK,64368,8,7,8046
45058P,89264,8,7,11158
3702NH,13100,2,2,6550
4401YM,24192,3,3,8064
34T1ZA,24048,2,2,12024
3400HB,30024,1,1,30024
4500TQ,70672,12,12,5889.333333
1901QT,78516,11,8,7137.818182
36T0GA,215264,24,17,8969.333333
0505PD,44428,6,6,7404.666667
3100PC,60388,8,8,7548.5
1500BS,299252,25,16,11970.08
1120KM,170036,15,11,11335.73333
1100RA,49364,7,7,7052
0400JN,17124,2,2,8562
0506BH,31348,5,5,6269.6
4507MH,36124,3,3,12041.33333
05S2WK,62264,6,6,10377.33333
0400XU,70568,10,10,7056.8
1413PN,38492,6,6,6415.333333
33S16D,30136,2,2,15068
52S0WN,222560,25,20,8902.4
3902WJ,77436,10,9,7743.6
4513DG,24100,2,2,12050
05T0AB,7068,1,1,7068
4508YC,34192,3,3,11397.33333
2301MD,243376,25,24,9735.04
0500GJ,156136,21,21,7435.047619
3100YH,57468,9,9,6385.333333
4200HA,49436,9,9,5492.888889
3601NG,105660,13,13,8127.692308
0300PQ,49396,6,6,8232.666667
33T2TT,39268,3,3,13089.33333
2100BM,1238704,114,97,10865.82456
1513PG,73368,8,6,9171
05T4RU,227904,19,19,11994.94737
4507XU,69284,6,6,11547.33333
05136V,17172,4,4,4293
2013BC,92316,5,5,18463.2
3101JM,21024,1,1,21024
0503RC,70484,7,7,10069.14286
2520UG,41252,5,5,8250.4
3200TG,94710,8,7,11838.75
45018P,8024,1,1,8024
1800DR,57232,6,6,9538.666667
0100YD,160488,9,6,17832
39T2HB,1209612,105,80,11520.11429
3100XU,1138776,118,98,9650.644068
0501ZR,98756,11,11,8977.818182
4000GK,16168,2,2,8084
3200DN,48340,6,4,8056.666667
2813VD,121460,11,5,11041.81818
3401JS,13024,1,1,13024
4508BA,223516,23,22,9718.086957
5201NR,743160,68,63,10928.82353
4503KR,598940,50,36,11978.8
1002JJ,412324,40,39,10308.1
4530UM,207676,23,23,9029.391304
34UHXW,93636,11,9,8512.363636
4504DH,485042,51,32,9510.627451
4400VV,555468,46,34,12075.3913
4507GA,65564,8,8,8195.5
24006A,38160,3,3,12720
4001XS,65168,3,2,21722.66667
33T2QQ,15048,2,2,7524
4520ZS,46384,6,6,7730.666667
24138A,41228,5,3,8245.6
4313CP,14092,2,2,7046
2601BK,271380,22,22,12335.45455
1701ST,605992,39,32,15538.25641
3230SM,338784,31,29,10928.51613
23T2TN,152136,17,17,8949.176471
5013SR,183256,22,13,8329.818182
05T5MG,37392,5,5,7478.4
1000KK,344656,35,35,9847.314286
0501KV,157928,15,14,10528.53333
2813QU,84056,9,7,9339.555556
3401CM,74680,11,11,6789.090909
4901JG,97288,7,4,13898.28571
3300QV,16136,2,2,8068
1513AV,94488,8,7,11811
4401GD,280212,22,21,12736.90909
5200NH,474760,33,31,14386.66667
2401GC,211160,14,13,15082.85714
0700HP,11068,1,1,11068
4508ZD,14024,1,1,14024
5213PA,44236,3,3,14745.33333
23006G,9046688,830,620,10899.6241
5200WS,764700,72,50,10620.83333
1830CD,756528,57,42,13272.42105
4200PA,452904,34,28,13320.70588
4640AK,219864,17,16,12933.17647
0101HG,189740,13,13,14595.38462
3302MC,610608,61,44,10009.96721
14026N,965148,86,56,11222.65116
0513WB,71736,9,8,7970.666667
1002ZD,434280,42,40,10340
4600KN,181644,12,11,15137
14T0JH,57404,10,10,5740.4
3401CT,79348,9,9,8816.444444
3602UT,69680,11,10,6334.545455
5213JC,29424,5,5,5884.8
1600TP,397154,45,35,8825.644444
2200YC,750060,75,68,10000.8
39S0NV,414340,42,38,9865.238095
0600CD,615252,59,44,10428
5100TC,455204,35,33,13005.82857
0101YC,196168,19,16,10324.63158
13T06M,80656,11,8,7332.363636
0507PR,327524,37,33,8852
10T2RT,9168,2,2,4584
3302KB,20116,3,3,6705.333333
35S0MB,47304,4,3,11826
0501RP,15168,3,3,5056
2601CM,18168,2,2,9084
34T1UR,43196,5,5,8639.2
0200JG,366116,16,11,22882.25
0513HH,30160,3,3,10053.33333
2302XD,535632,49,40,10931.26531
3720ND,96444,8,7,12055.5
22S0ZT,196880,17,16,11581.17647
10136G,76408,7,6,10915.42857
3913XU,142956,16,15,8934.75
2601WB,140760,14,10,10054.28571
2601JK,99308,6,6,16551.33333
51136J,5068,1,1,5068
0500GA,61364,7,7,8766.285714
4402NM,19048,2,1,9524
49006J,58332,7,7,8333.142857
3100CV,77476,8,8,9684.5
4508PV,165388,16,15,10336.75
3304NA,1020816,88,76,11600.18182
1002PP,521972,46,45,11347.21739
0506YB,54416,6,6,9069.333333
4200XT,193360,23,18,8406.956522
30T0QJ,83920,12,12,6993.333333
4600MG,41168,2,2,20584
0600UA,448252,35,25,12807.2
3700GR,250056,22,21,11366.18182
2600ZM,65424,9,9,7269.333333
2200BJ,26048,2,2,13024
05T6UC,3024,1,1,3024
4600MP,8068,1,1,8068
3601VQ,527504,49,43,10765.38776
3301NV,157900,16,14,9868.75
2500PG,786504,64,46,12289.125
4500DP,3791236,354,240,10709.70621
15008B,1807752,159,106,11369.50943
1501JD,215340,25,18,8613.6
1613UN,74264,6,6,12377.33333
3903AG,14092,2,2,7046
36S0WM,262496,24,21,10937.33333
3600YT,379928,36,32,10553.55556
0505GK,33236,3,3,11078.66667
3701AH,22092,2,2,11046
05T0PR,94192,3,3,31397.33333
1901UB,85460,6,5,14243.33333
33018R,26224,3,3,8741.333333
3300NT,18168,3,3,6056
36008A,2074800,193,152,10750.25907
0301KJ,442832,45,42,9840.711111
1500TG,45040,5,5,9008
05S7AM,196984,20,19,9849.2
3902XB,2033360,189,142,10758.51852
07S0YT,193848,18,17,10769.33333
1000HG,295588,27,26,10947.7037
3301AJ,354172,35,17,10119.2
2301TD,310268,29,27,10698.89655
1501KG,373316,32,23,11666.125
0501TR,70352,6,6,11725.33333
0600NH,154024,19,15,8106.526316
0501JG,18200,2,2,9100
1313CR,55204,3,1,18401.33333
26018J,14068,1,1,14068
2402MN,29136,2,2,14568
1002XJ,24024,2,2,12012
31S0KN,1024,1,1,1024
5300QV,400688,45,31,8904.177778
31006K,962744,84,58,11461.2381
11S1PS,688532,49,47,14051.67347
4200VR,968912,77,59,12583.27273
1401VV,152704,19,9,8037.052632
3401ZG,487940,34,24,14351.17647
22S0UD,172136,20,20,8606.8
3100KV,131648,12,12,10970.66667
03006V,31336,4,4,7834
1900NP,159004,14,11,11357.42857
3901CJ,111116,11,11,10101.45455
2300QQ,157128,18,17,8729.333333
4530DR,335668,36,29,9324.111111
3902VH,263880,19,19,13888.42105
5213CD,148784,14,12,10627.42857
4200BS,242004,26,18,9307.846154
0506AU,29048,2,2,14524
34S1JT,229296,25,22,9171.84
4508RB,145756,15,15,9717.066667
1001PK,12048,2,2,6024
31008M,69340,8,8,8667.5
4506XD,21148,3,3,7049.333333
2800BJ,625240,60,52,10420.66667
2900ZJ,51368,4,4,12842
1500WB,65308,6,6,10884.66667
1002KK,184900,18,18,10272.22222
2013MP,138936,15,10,9262.4
4400BA,214676,15,11,14311.73333
44T1NU,187616,17,17,11036.23529
4501ZS,186892,21,18,8899.619048
1413WH,17192,3,3,5730.666667
0100TN,39224,4,4,9806
2602ZH,5068,1,1,5068
5013VU,11168,2,2,5584
2100WC,4786016,429,344,11156.21445
5213BC,72424,9,9,8047.111111
0100QJ,60476,8,8,7559.5
4401CK,39184,4,4,9796
01T0KP,339984,23,21,14781.91304
39T2GA,270316,23,21,11752.86957
3400SP,2428370,227,157,10697.6652
0501US,234032,17,17,13766.58824
0100GU,427356,57,37,7497.473684
1002AV,734924,71,61,10351.04225
06138B,9068,1,1,9068
51006N,123808,15,15,8253.866667
1800DJ,36116,3,2,12038.66667
0503XM,231380,23,23,10060
1101ZR,138304,10,8,13830.4
2500DK,114564,8,7,14320.5
33006T,28116,3,3,9372
1300WC,15048,2,2,7524
28138N,19168,2,2,9584
0100MU,5068,1,1,5068
1600NH,228500,24,17,9520.833333
0501PT,81692,13,13,6284
1800WP,1769620,165,128,10724.9697
2200GD,1497560,132,98,11345.15152
0300HV,220464,25,24,8818.56
4500WC,1507468,138,123,10923.68116
1100WH,183848,13,13,14142.15385
24T0BB,174052,17,12,10238.35294
15T16K,42048,2,2,21024
1901GR,38328,5,4,7665.6
3900TB,74276,6,6,12379.33333
1030NA,7068,1,1,7068
3302WQ,858016,68,52,12617.88235
14T0PN,202792,13,12,15599.38462
0101SK,298904,23,21,12995.82609
05S3VA,104408,7,7,14915.42857
0506UT,71184,7,7,10169.14286
1513RJ,233440,12,11,19453.33333
3013JP,80652,15,7,5376.8
1101MJ,119592,11,8,10872
05018D,208968,18,18,11609.33333
3500WH,246396,26,20,9476.769231
0506HN,124516,11,11,11319.63636
4400JA,36672,4,4,9168
3900BP,40284,6,6,6714
49S0JQ,393504,34,18,11573.64706
1601MB,693404,55,42,12607.34545
3100BN,387652,29,29,13367.31034
2600HG,264236,34,33,7771.647059
1200YJ,550720,45,42,12238.22222
2400NQ,133012,14,10,9500.857143
03006P,29316,5,5,5863.2
3000RN,16068,1,1,16068
3300GC,11048,2,2,5524
33016H,20048,2,2,10024
1801ZP,5100,1,1,5100
5213DU,9068,1,1,9068
4900CD,1267352,120,89,10561.26667
1800TB,142580,11,9,12961.81818
3100DH,165500,10,10,16550
49S0PN,239868,13,13,18451.38462
0500VC,92620,9,9,10291.11111
0502HJ,50188,6,6,8364.666667
18T0PG,83396,6,6,13899.33333
1100MS,106384,7,7,15197.71429
1200ZK,56184,4,4,14046
4507RN,155592,11,10,14144.72727
3513TM,135316,5,5,27063.2
0506DK,20136,2,2,10068
33S0KB,64204,3,3,21401.33333
07T0JD,20168,2,2,10084
3602XA,45260,4,4,11315
4400SS,160052,17,14,9414.823529
1401UU,55208,5,4,11041.6
3100JN,3363276,286,217,11759.70629
1001DH,20092,2,2,10046
0600JM,210184,18,12,11676.88889
2400PB,35236,3,3,11745.33333
5000UB,182288,20,19,9114.4
0130QR,68308,6,6,11384.66667
3303HV,19124,2,2,9562
3301AA,222260,25,17,8890.4
20138K,5024,1,1,5024
2302AK,76432,8,8,9554
5100GD,118876,15,13,7925.066667
19ZYBA,135444,8,6,16930.5
3800YA,687368,64,59,10740.125
5300PU,136512,10,7,13651.2
15006H,141744,16,13,8859
1401PG,35436,5,5,7087.2
0507SU,26192,3,3,8730.666667
0505CH,120872,15,13,8058.133333
1920WH,89772,13,10,6905.538462
14136D,10100,1,1,10100
6700RG,326428,44,36,7418.818182
0504VD,920116,84,76,10953.7619
1501GA,372140,32,29,11629.375
49408R,33260,4,4,8315
1001XU,318692,29,27,10989.37931
1102CG,151792,17,13,8928.941176
2400QC,116796,15,15,7786.4
0500JN,111960,15,14,7464
1930YK,85644,10,10,8564.4
4501HD,128232,8,8,16029
1200AN,61392,9,9,6821.333333
44S1MN,142212,7,6,20316
3400GA,18072,3,3,6024
24006J,20160,3,3,6720
26S0KK,28068,1,1,28068
1101PC,65568,10,9,6556.8
3700TA,51340,6,6,8556.666667
4300HB,437508,48,33,9114.75
0501XV,401628,29,28,13849.24138
4540UG,115356,9,9,12817.33333
34S0YJ,97620,10,10,9762
5013AU,51292,4,4,12823
4520KA,32228,4,4,8057
2613NS,59516,7,7,8502.285714
1120PQ,163584,13,8,12583.38462
1401GN,57460,6,4,9576.666667
1501XU,54264,6,6,9044
0420VH,106704,12,12,8892
04T0CS,19048,2,2,9524
2200DC,13568,2,2,6784
1313HU,5100,1,1,5100
1100UT,649956,59,44,11016.20339
67006C,680132,52,40,13079.46154
3301KT,2112740,173,154,12212.36994
4500QM,65264,7,7,9323.428571
05T4VC,266264,24,24,11094.33333
0504BP,621968,59,52,10541.83051
33008G,714088,70,48,10201.25714
05076A,102292,6,6,17048.66667
3301ST,97444,9,7,10827.11111
1900TU,86340,6,5,14390
2000SK,127528,11,10,11593.45455
4520AU,25224,3,3,8408
0507MG,76352,6,6,12725.33333
33T2JJ,9100,1,1,9100
1713WC,15100,2,2,7550
2313RB,62332,7,5,8904.571429
1001WT,517696,46,37,11254.26087
1902AM,84276,6,6,14046
0400GR,260216,21,20,12391.2381
4900PB,19004,4,4,4751
3613DS,32292,4,4,8073
46008K,236596,25,23,9463.84
2100WM,151872,14,14,10848
3300TS,489752,33,26,14840.9697
5100CR,190960,19,16,10050.52632
4600WS,45324,4,4,11331
3930UP,363592,31,27,11728.77419
1700UU,242392,19,14,12757.47368
0502NQ,129192,18,18,7177.333333
1001KU,49340,6,6,8223.333333
4505NT,117896,16,13,7368.5
3700WT,20204,3,3,6734.666667
2513QG,31192,3,2,10397.33333
0501NB,11048,2,2,5524
3300VN,142376,9,9,15819.55556
4520TB,25192,3,3,8397.333333
33T08B,63300,7,7,9042.857143
18T0HU,57320,7,7,8188.571429
1200WG,90584,8,8,11323
4713GM,448728,37,22,12127.78378
1100KR,375636,30,30,12521.2
0601GB,56168,3,3,18722.66667
2400HJ,399328,36,32,11092.44444
5000AM,358214,23,18,15574.52174
4200NQ,12124,2,2,6062
0506KR,182700,11,11,16609.09091
05T7DQ,66496,7,7,9499.428571
33S2YH,25140,4,4,6285
4913CC,71168,3,2,23722.66667
49138J,26124,2,2,13062
3800PM,430668,34,28,12666.70588
3301SD,164760,14,14,11768.57143
3600TD,1241736,110,84,11288.50909
4530MR,260616,25,19,10424.64
0101JJ,229816,15,14,15321.06667
15018C,8068,1,1,8068
0500TQ,93044,10,10,9304.4
1001SG,97680,11,11,8880
4200QB,48308,6,6,8051.333333
1100XA,25216,4,4,6304
3400NJ,44216,4,4,11054
0506XA,5024,1,1,5024
3702DU,50416,6,3,8402.666667
45S5VN,103256,8,8,12907
1001JD,81756,11,11,7432.363636
3100RN,22072,3,3,7357.333333
2602HR,28184,4,4,7046
3303BR,61360,5,5,12272
2301YM,101328,6,6,16888
4413GM,30160,3,2,10053.33333
20T0XT,6100,1,1,6100
3700RU,18048,2,2,9024
4900GV,2396768,213,155,11252.43192
0800NT,1830060,143,99,12797.62238
4401CS,78396,6,6,13066
3700WD,120640,15,11,8042.666667
1000ZT,724872,73,62,9929.753425
33S2CP,313152,22,18,14234.18182
0413GB,57452,7,5,8207.428571
3100SH,171824,18,18,9545.777778
1900YD,154932,8,8,19366.5
1500PA,22068,1,1,22068
3401MN,3522620,290,220,12146.96552
2301RB,294304,26,23,11319.38462
3400PK,124484,7,7,17783.42857
3400JD,41436,6,6,6906
1420YU,7068,1,1,7068
1613GT,2292,2,2,1146
3702GV,45224,4,4,11306
1000QJ,59268,3,3,19756
1501DV,41216,4,4,10304
1401PP,43292,4,4,10823
0600YG,34260,4,4,8565
26S1GK,34048,2,2,17024
1001DV,7024,1,1,7024
4600PR,23096,4,3,5774
2930BU,536444,48,40,11175.91667
2000HG,2790246,241,175,11577.78423
1002RR,177668,17,15,10451.05882
2801PP,220048,19,16,11581.47368
2813BV,55320,7,4,7902.857143
4520CQ,239980,20,18,11999
36006P,508468,51,42,9969.960784
33T26G,192248,22,20,8738.545455
0100QB,641188,55,43,11657.96364
1500MU,403332,40,38,10083.3
3902SC,126636,11,11,11512.36364
4503BH,171956,18,18,9553.111111
0101MM,80456,9,9,8939.555556
0700NN,73552,8,8,9194
3301XC,111488,10,8,11148.8
3130BK,770396,66,49,11672.66667
1901XG,56308,6,5,9384.666667
4530UC,149920,16,16,9370
02MHVJ,17124,2,2,8562
1730MN,74452,8,7,9306.5
3400KG,68352,6,6,11392
2813KQ,18200,2,2,9100
4400QH,614920,56,39,10980.71429
3301QJ,598556,58,52,10319.93103
1101GB,426116,34,30,12532.82353
05136H,30124,3,2,10041.33333
04S0HU,78568,10,8,7856.8
33S2YQ,150860,13,11,11604.61538
5213MG,5068,1,1,5068
33S2DQ,130380,9,8,14486.66667
1002XB,90544,9,9,10060.44444
0505TB,59084,7,7,8440.571429
01016G,43240,5,5,8648
05S1JT,21100,2,2,10550
2513DR,151648,12,7,12637.33333
1501BT,191440,24,22,7976.666667
05T3TU,325228,28,20,11615.28571
1402QV,815456,74,68,11019.67568
1000AQ,1513892,146,143,10369.12329
3301WK,551738,47,38,11739.10638
05016C,119428,11,11,10857.09091
2900DQ,434260,30,29,14475.33333
1613WQ,70576,10,10,7057.6
2401QP,110688,10,10,11068.8
33S1WV,25192,3,3,8397.333333
4400UU,20092,2,2,10046
3700CP,8092,2,2,4046
3200AJ,324,1,1,324
3100PS,1541312,139,104,11088.57554
2400KN,941028,72,48,13069.83333
45T1MP,549636,49,36,11217.06122
1401RR,4309848,422,331,10212.90995
3000GA,184352,23,19,8015.304348
3200KT,60308,6,5,10051.33333
4506YG,61668,9,6,6852
1101AT,434544,42,38,10346.28571
0100JB,216972,15,14,14464.8
01208T,51304,4,4,12826
1540JG,48284,5,5,9656.8
3800HM,43260,4,4,10815
2413JJ,24300,3,2,8100
4507NJ,36360,5,5,7272
45T6DQ,9024,1,1,9024
17138S,17148,3,1,5716
5100WH,21092,2,2,10546
2600ZT,4477012,384,310,11658.88542
3901MK,264072,22,19,12003.27273
1900RC,201068,19,18,10582.52632
3300GM,55376,7,7,7910.857143
1000MM,56324,8,8,7040.5
4001BB,268332,33,26,8131.272727
3601ZG,69600,9,8,7733.333333
0500JD,153976,18,17,8554.222222
3100YQ,23192,3,3,7730.666667
3901RH,163136,19,18,8586.105263
23026J,97440,5,5,19488
4400RJ,55408,7,7,7915.428571
38006C,48284,5,5,9656.8
0507QK,8100,1,1,8100
0520SJ,24000,1,1,24000
1100TC,2658556,238,161,11170.40336
3900MB,883988,69,63,12811.42029
4502NS,1596280,127,105,12569.13386
39T0QM,464740,38,31,12230
1002TM,143632,10,10,14363.2
06NYZK,63376,8,7,7922
3600BK,17192,3,3,5730.666667
3200JS,45304,4,4,11326
1500SD,40136,2,2,20068
0101DC,3024,1,1,3024
0505KA,15124,2,2,7562
1401CB,7100,1,1,7100
39S1AM,293656,21,21,13983.61905
05T2RS,13068,1,1,13068
26RVZC,170184,17,16,10010.82353
1400YH,446464,32,32,13952
51RYDX,120684,13,12,9283.384615
1002SK,591948,56,46,10570.5
1800CQ,24116,3,2,8038.666667
3702KD,148204,13,13,11400.30769
5213ZV,48164,5,4,9632.8
3513AV,7168,2,2,3584
10306R,400716,38,32,10545.15789
3713TD,18092,2,2,9046
0506BV,109392,6,6,18232
1402HN,116740,9,9,12971.11111
1100ZM,156872,14,12,11205.14286
1200UC,178796,14,10,12771.14286
2601MN,311404,24,23,12975.16667
2220TG,194776,15,15,12985.06667
2330KK,130778,14,12,9341.285714
19006H,297192,27,21,11007.11111
3413VU,24140,4,1,6035
5000NR,414532,36,29,11514.77778
4200HJ,593148,50,43,11862.96
1001NA,2539344,226,160,11236.0354
0501BG,1052672,91,64,11567.82418
1830JM,6136,2,2,3068
0100BB,41216,4,4,10304
05S6KQ,67476,9,9,7497.333333
2401JH,205936,19,14,10838.73684
3302VP,112140,4,4,28035
2601PA,5192,2,2,2596
1613SS,60272,5,5,12054.4
33T1KD,26068,1,1,26068
2000KB,65296,5,5,13059.2
0600GH,1670148,165,103,10122.10909
2200BA,369660,34,33,10872.35294
0300QR,1540200,112,96,13751.78571
41006B,910408,94,75,9685.191489
36T0XU,559008,53,38,10547.32075
1200CQ,62756,9,9,6972.888889
1700TT,47384,6,6,7897.333333
4900GH,143680,11,11,13061.81818
4530BP,334784,31,26,10799.48387
3301AR,53140,4,4,13285
3620AB,84252,6,6,14042
0600XD,162788,11,9,14798.90909
0300ZN,156252,5,5,31250.4
17006G,21068,1,1,21068
3100AC,23116,3,3,7705.333333
3400SG,756852,61,39,12407.40984
3303GU,332148,40,39,8303.7
1800QU,343240,27,15,12712.59259
3601XC,303776,27,21,11250.96296
0400HS,86376,7,7,12339.42857
0300UG,451056,38,37,11869.89474
5200XT,288044,19,19,15160.21053
1613PU,207512,9,7,23056.88889
3302AP,279728,27,25,10360.2963
37T0YC,40220,7,7,5745.714286
5001NB,288556,24,22,12023.16667
3720SK,112528,7,7,16075.42857
10T2QS,80568,10,8,8056.8
1413QP,21816,3,2,7272
10S0SU,829996,73,64,11369.80822
2501ZT,276536,30,23,9217.866667
0507HJ,50148,4,4,12537
6700ZB,342736,20,15,17136.8
33016V,104364,7,7,14909.14286
4100JN,424540,39,34,10885.64103
2800AH,225668,17,14,13274.58824
2400UA,75452,7,5,10778.85714
4530VN,441700,34,28,12991.17647
23006P,249664,17,12,14686.11765
3400JN,142876,17,16,8404.470588
3600JB,164008,15,14,10933.86667
10S2UH,107548,10,10,10754.8
1920VG,38384,6,6,6397.333333
0400UR,128572,12,9,10714.33333
0513TU,127236,9,5,14137.33333
1113QU,75500,9,8,8388.888889
2013NQ,25184,4,3,6296
1920UD,24048,2,1,12024
5201TA,1686780,144,96,11713.75
34006B,97808,14,11,6986.285714
1501SP,251128,28,24,8968.857143
4500VK,302244,25,20,12089.76
2601GP,240804,19,19,12673.89474
1002VG,165592,20,17,8279.6
2313CS,112532,9,8,12503.55556
2500CJ,208228,22,18,9464.909091
3200WK,279544,23,20,12154.08696
2100HB,68172,4,4,17043
52008B,211024,15,12,14068.26667
3300PU,253408,28,16,9050.285714
1500ZP,44352,6,6,7392
10026G,36272,4,4,9068
2200JR,20068,1,1,20068
4400TT,389608,32,20,12175.25
1002CB,41336,4,4,10334
12006M,135740,13,11,10441.53846
4600RM,19136,2,2,9568
33T0RM,62224,3,3,20741.33333
1902VM,13048,2,2,6524
4530YJ,315144,24,23,13131
2201XK,664636,44,42,15105.36364
3701DM,25068,1,1,25068
1000DC,575100,54,53,10650
2801QQ,1089876,72,54,15137.16667
05T3MN,119544,10,10,11954.4
3300XQ,681068,51,46,13354.27451
1200QU,10072,3,3,3357.333333
5200QK,251976,22,19,11453.45455
2413KS,56464,8,5,7058
1513CB,120676,10,8,12067.6
0513UP,12024,2,2,6012
1320UT,52184,4,4,13046
0500XG,152952,16,15,9559.5
4540SC,355184,35,34,10148.11429
1540TJ,78408,7,7,11201.14286
05006K,472232,42,36,11243.61905
1100KJ,1545528,123,77,12565.26829
2300BR,163940,17,14,9643.529412
1801PA,95568,11,9,8688
1713GQ,54096,4,4,13524
3903NT,46376,7,7,6625.142857
1501MQ,522932,54,50,9683.925926
0500YH,65484,7,7,9354.857143
3101AB,1080804,107,87,10100.97196
1000QQ,206904,19,19,10889.68421
0505MB,150548,11,10,13686.18182
4503ZC,137648,12,11,11470.66667
3902DM,681480,62,48,10991.6129
4000DJ,275688,31,24,8893.16129
0507CN,24140,4,4,6035
52T0MR,173596,15,11,11573.06667
3301NG,28236,3,3,9412
3303NG,348848,31,28,11253.16129
0100SM,195940,16,11,12246.25
1100SK,2204448,192,132,11481.5
3301NP,61444,9,8,6827.111111
1901HK,233568,17,17,13739.29412
2300KS,1529696,151,108,10130.43709
2400QS,637860,60,57,10631
28XNGX,316308,25,18,12652.32
2601ST,526648,49,33,10747.91837
3601HV,73428,6,5,12238
4401GN,57236,3,3,19078.66667
0400WT,7100,1,1,7100
15S0TV,6024,1,1,6024
2300AH,778180,76,51,10239.21053
4505QV,686652,56,32,12261.64286
33S18P,77276,6,6,12879.33333
1600XT,248036,22,19,11274.36364
35T0KK,93560,12,9,7796.666667
3100BU,59188,6,6,9864.666667
2500WQ,255128,22,19,11596.72727
4400GT,37472,6,6,6245.333333
4713DK,109724,12,8,9143.666667
3101NQ,95356,8,8,11919.5
4201AV,82288,7,7,11755.42857
2320QR,18072,3,3,6024
3302DS,9100,1,1,9100
2601KT,45208,5,5,9041.6
3600TU,1895812,164,112,11559.82927
3400SV,320672,28,20,11452.57143
3600VA,579932,55,47,10544.21818
36008Q,337132,39,34,8644.410256
3800MJ,236500,24,22,9854.166667
3300AG,565456,59,47,9584
4400UD,77452,8,7,9681.5
26006U,136748,12,10,11395.66667
4500RD,106468,9,8,11829.77778
1700JJ,2800620,268,208,10450.07463
4400XJ,1215704,128,106,9497.6875
1000BJ,143676,9,8,15964
2402QR,747588,63,49,11866.47619
36016V,474688,32,28,14834
4506WC,7116,3,3,2372
4900YG,149456,10,9,14945.6
39306V,184888,17,16,10875.76471
24S0TJ,104700,11,11,9518.181818
0502JT,80576,9,9,8952.888889
0504CQ,19236,3,3,6412
4508WA,43208,5,5,8641.6
6700HC,284608,25,25,11384.32
1920SB,206220,19,13,10853.68421
37S0VJ,196624,12,12,16385.33333
36T1JG,109484,9,5,12164.88889
3900MR,253320,28,28,9047.142857
14T0QP,216340,25,23,8653.6
2302WC,482992,37,37,13053.83784
4200VJ,215380,21,19,10256.19048
50008T,109520,8,7,13690
10S0KN,173344,18,18,9630.222222
0513RS,17224,3,2,5741.333333
05058N,253076,19,19,13319.78947
3000PK,95300,7,7,13614.28571
1901ZJ,181828,17,16,10695.76471
19S0HR,77632,9,8,8625.777778
1113JP,89652,9,5,9961.333333
0700VV,338512,29,27,11672.82759
4501HN,261392,21,16,12447.2381
3600PQ,43284,5,4,8656.8
4520JP,26204,3,3,8734.666667
1900GP,26116,3,2,8705.333333
18006M,256864,21,12,12231.61905
0501RG,43224,3,3,14408
4500MV,7024,1,1,7024
2501DC,33160,3,3,11053.33333
42T0RB,45376,8,8,5672
1002DC,3546912,306,237,11591.21569
1002JA,99966,9,9,11107.33333
2900QD,286276,26,26,11010.61538
2713XN,19116,3,3,6372
25S1YD,401584,34,26,11811.29412
1402AG,120600,10,10,12060
3413SR,31436,5,5,6287.2
1900CM,31292,4,4,7823
1513ND,56308,6,5,9384.666667
45T1QS,15048,2,2,7524
0130TU,167620,9,9,18624.44444
0400QT,125552,13,9,9657.846154
2100YP,470224,43,27,10935.44186
1400MQ,277192,21,20,13199.61905
2700KR,215016,20,16,10750.8
0300GG,692856,53,45,13072.75472
4508BR,123468,9,8,13718.66667
46VHJZ,267388,16,15,16711.75
6700DJ,7068,1,1,7068
3302QH,35308,6,6,5884.666667
49008B,92348,9,6,10260.88889
2600AP,119808,15,12,7987.2
2013HJ,10068,1,1,10068
1902CP,63328,5,5,12665.6
4500UA,7024,1,1,7024
1900AJ,1436856,126,86,11403.61905
3901JQ,275360,27,24,10198.51852
10S0MP,997504,97,87,10283.54639
3600NG,4778636,441,280,10835.9093
3913VS,160856,18,12,8936.444444
5000YH,164212,20,19,8210.6
0100VA,26272,4,4,6568
1100AG,654712,44,41,14879.81818
52136H,102452,7,5,14636
4900PJ,655256,56,48,11701
52136Q,50048,2,1,25024
0502KU,148744,15,15,9916.266667
0100ZG,100604,11,11,9145.818182
36T0SP,405648,25,25,16225.92
0501QN,17106,3,3,5702
1520YV,4068,1,1,4068
4500MH,312528,32,27,9766.5
24008K,13192,3,3,4397.333333
4900WS,131904,14,13,9421.714286
3900GK,1609012,142,95,11331.07042
2300JR,37164,5,4,7432.8
3930MD,1507388,123,63,12255.18699
4506CN,480220,45,37,10671.55556
1200TB,259408,20,19,12970.4
1402CR,1410084,141,114,10000.59574
1000JR,469232,39,39,12031.58974
3302XJ,368580,33,24,11169.09091
2300NN,274224,21,18,13058.28571
0401MN,142088,19,14,7478.315789
0700YC,287080,21,20,13670.47619
45S4MC,178928,12,10,14910.66667
1102ZA,514980,50,43,10299.6
1002ND,306328,24,24,12763.66667
1500CD,51240,5,5,10248
1000ZD,86508,8,8,10813.5
39T0XU,426504,30,18,14216.8
5000RG,44120,5,4,8824
2520YM,142584,12,11,11882
3600UV,6024,1,1,6024
4300HR,858644,83,58,10345.10843
1500XT,520590,67,51,7770
0101GD,73968,13,12,5689.846154
1500CT,419300,42,29,9983.333333
25T0KQ,112632,14,11,8045.142857
1401HG,126908,17,16,7465.176471
2200MC,63184,5,5,12636.8
4521XD,35148,3,3,11716
1002UD,8068,1,1,8068
3800XV,562456,37,32,15201.51351
0100AA,51164,5,2,10232.8
1513NN,17092,2,2,8546
5213YN,77352,8,7,9669
0120PC,342180,26,18,13160.76923
1002DM,382236,40,40,9555.9
1500QK,698272,56,42,12469.14286
0507TV,75344,8,8,9418
45T1UA,85592,11,11,7781.090909
3303WR,59360,5,5,11872
0700BJ,73116,3,2,24372
33T1MG,9024,1,1,9024
3400ZQ,2322172,218,199,10652.16514
23T1YQ,654148,53,48,12342.41509
0502TV,188256,8,8,23532
1030RD,655784,51,42,12858.5098
3100MA,585660,38,37,15412.10526
0502BM,474112,32,32,14816
4502ZB,50284,5,5,10056.8
0500KV,410704,30,30,13690.13333
0506JQ,14148,3,3,4716
1000YS,330424,28,26,11800.85714
3401GP,132656,10,9,13265.6
4506VB,155852,11,11,14168.36364
2630RB,150768,14,14,10769.14286
3800JG,77476,8,8,9684.5
5200WC,32224,3,2,10741.33333
1101ZJ,31072,3,3,10357.33333
6700TB,12092,2,2,6046
33T1VJ,13024,1,1,13024
52138R,10092,2,2,5046
05T1RK,18024,1,1,18024
0401HH,160836,13,12,12372
4500BM,894500,80,56,11181.25
3702AB,46184,4,3,11546
0505QU,68396,7,7,9770.857143
4400WA,1270036,108,84,11759.59259
14016G,217632,20,16,10881.6
4401JJ,113424,9,7,12602.66667
44018H,92512,10,7,9251.2
2900TA,226392,15,14,15092.8
33S1VG,135488,9,8,15054.22222
4506MV,1424,1,1,1424
4502RV,264720,14,14,18908.57143
3401KT,385452,41,37,9401.268293
31T16A,290652,25,19,11626.08
2500QH,563404,42,35,13414.38095
3700NJ,207140,17,16,12184.70588
0700WA,407300,37,36,11008.10811
6700KQ,312908,26,26,12034.92308
28008Q,267608,32,29,8362.75
23T1VM,18124,2,2,9062
3700YV,46296,5,3,9259.2
3600CC,518292,46,31,11267.21739
2100NQ,1738848,180,142,9660.266667
0507CD,168748,14,14,12053.42857
14016U,1001196,95,86,10538.90526
2200JJ,666964,72,66,9263.388889
0500SV,155924,17,17,9172
0600PR,1051240,89,67,11811.68539
2601VA,58284,5,5,11656.8
26T1JV,56140,4,3,14035
1820AJ,34252,5,5,6850.4
50138G,104412,9,5,11601.33333
1920MC,19224,3,3,6408
33T1ZP,103624,13,13,7971.076923
2613MR,52208,5,5,10441.6
3302YK,248828,29,22,8580.275862
2400GH,32260,4,3,8065
1701GP,29168,3,3,9722.666667
1900MN,15100,1,1,15100
0513UV,6068,1,1,6068
45T6CP,27024,1,1,27024
2201RB,486192,45,43,10804.26667
0507AB,1986704,184,148,10797.30435
3813QU,50404,5,4,10080.8
3400BT,815704,74,67,11023.02703
0101RR,281772,18,15,15654
1002MM,414388,40,38,10359.7
0413JU,19116,3,3,6372
31S0NH,146332,7,7,20904.57143
4506HR,156536,10,10,15653.6
40008N,39124,2,2,19562
16T0TR,37116,3,3,12372
03016T,25160,3,3,8386.666667
1800YA,9000,1,1,9000
23S16R,6100,1,1,6100
2613JP,11068,1,1,11068
4530SJ,293176,35,33,8376.457143
4900KD,180736,11,11,16430.54545
4600QS,699756,72,58,9718.833333
39S1MQ,632980,51,42,12411.37255
0503DN,63452,7,7,9064.571429
4507WT,296240,22,21,13465.45455
4502UC,131556,10,9,13155.6
11T1CV,36252,5,5,7250.4
0506KJ,14060,3,3,4686.666667
4200SD,1162328,97,78,11982.76289
2200PP,738808,63,56,11727.11111
5001PC,1340440,121,91,11078.01653
2700YB,195532,23,13,8501.391304
4506QC,269868,13,12,20759.07692
3301YT,36316,5,5,7263.2
3800CH,79476,8,7,9934.5
3301JK,6068,1,1,6068
0300QJ,856856,89,75,9627.595506
10016B,1385724,144,106,9623.083333
3301MU,835464,68,47,12286.23529
1002NN,492384,43,39,11450.7907
2201YM,2558116,235,211,10885.6
3700HS,102332,8,8,12791.5
2300YM,343496,26,21,13211.38462
0630GB,66788,9,9,7420.888889
15T1AM,265592,21,15,12647.2381
1300XD,98484,7,5,14069.14286
0101XB,78332,7,7,11190.28571
3301WB,63276,6,6,10546
4901ZB,106540,8,6,13317.5
3302ZT,279488,27,16,10351.40741
3901MB,545132,49,45,11125.14286
52138B,95208,5,5,19041.6
3300HD,63500,9,9,7055.555556
5200CD,88436,11,10,8039.636364
39T0BD,130492,10,10,13049.2
4413CJ,33164,5,3,6632.8
3320JT,16136,2,2,8068
0900XD,40116,3,3,13372
51BUJN,341272,22,18,15512.36364
0100MD,668440,53,42,12612.07547
3700AC,1465508,136,102,10775.79412
4504AC,234748,13,12,18057.53846
2303CC,117416,6,6,19569.33333
52T0QU,457156,34,24,13445.76471
4900JT,33228,5,4,6645.6
1200RV,226376,21,18,10779.80952
52S0ZR,98308,7,7,14044
1000BR,4024,1,1,4024
4400MM,3182320,291,181,10935.80756
1101HC,355772,32,25,11117.875
3620NQ,286228,23,23,12444.69565
5213UQ,143556,9,6,15950.66667
3620QK,113352,6,6,18892
26138U,38316,5,4,7663.2
4402KJ,184100,19,18,9689.473684
0506ZC,176940,21,21,8425.714286
0330BH,67652,9,9,7516.888889
37S0XM,146388,9,7,16265.33333
3000AS,71272,4,4,17818
5200RT,48216,4,3,12054
1003TA,42092,2,1,21046
4520XQ,313468,27,27,11609.92593
4500PB,239152,19,19,12586.94737
1002BJ,176408,25,22,7056.32
1601NC,659108,71,53,9283.211268
29006K,101420,8,8,12677.5
3613MS,34328,6,6,5721.333333
01S0UR,241656,29,29,8332.965517
39T0CG,73496,7,6,10499.42857
0400MA,58428,6,3,9738
3620MP,66432,7,7,9490.285714
2000UN,82356,8,8,10294.5
5013NM,94396,6,6,15732.66667
4901MJ,438408,40,32,10960.2
1001HR,456128,38,33,12003.36842
49008K,663704,57,40,11643.92982
4500AS,838636,88,77,9529.954545
4508HP,196536,10,9,19653.6
2300ZD,266580,24,24,11107.5
1100UD,678212,60,42,11303.53333
1713VB,156844,12,11,13070.33333
5100BA,462468,38,31,12170.21053
5013HD,188128,19,14,9901.473684
1930SB,62364,7,7,8909.142857
4300NA,101260,4,4,25315
2100PB,49384,6,6,8230.666667
3013HM,24048,2,1,12024
1001ZA,287480,25,21,11499.2
0500WT,25272,4,4,6318
2900JU,833456,65,56,12822.4
0300GU,1124736,101,89,11136
1020XJ,235640,12,11,19636.66667
3301VA,105716,14,11,7551.142857
19T0QT,61556,9,7,6839.555556
1800VN,57384,6,5,9564
2600KB,129776,17,13,7633.882353
1402DS,67036,10,10,6703.6
4313HS,8048,2,1,4024
0613TP,10068,1,1,10068
0700XB,1968,1,1,1968
2200RJ,93384,6,6,15564
2100RT,1140348,98,77,11636.20408
4508GD,70532,9,9,7836.888889
2401HD,45328,5,5,9065.6
2900RG,626444,52,39,12047
0501HM,48156,8,8,6019.5
4401QA,60352,7,6,8621.714286
3801JK,232696,16,14,14543.5
0507ZH,142680,12,11,11890
4501AU,37236,3,3,12412
0100VQ,45240,5,5,9048
1613GD,91248,4,2,22812
07S0TU,105240,5,4,21048
5000QD,249916,20,20,12495.8
5200AB,570776,59,51,9674.169492
3701ZD,26140,4,4,6535
1700HG,363880,27,19,13477.03704
2401MK,139800,11,8,12709.09091
0501PC,17092,2,2,8546
5100ZT,79524,10,7,7952.4
1530YA,211640,14,12,15117.14286
0501SA,43260,4,4,10815
33S2KV,65048,3,3,21682.66667
4520DJ,6168,2,2,3084
3933RR,51276,6,6,8546
1713AB,18168,2,1,9084
0400UB,12124,2,2,6062
0506GC,1157700,95,91,12186.31579
1003WD,110528,11,11,10048
1200DR,10068,1,1,10068
2230XR,584944,54,44,10832.2963
1102GJ,160372,13,9,12336.30769
4430YB,196976,17,13,11586.82353
33T2MM,323044,39,37,8283.179487
4521VB,41124,3,3,13708
1001GA,116508,13,12,8962.153846
0506CA,77344,7,7,11049.14286
1701HQ,156516,7,7,22359.42857
14T1MD,1024,1,1,1024
1001MV,28068,1,1,28068
0101VP,577868,53,38,10903.16981
5001TJ,550984,43,39,12813.5814
17T1YK,88512,9,7,9834.666667
1800CH,48308,6,6,8051.333333
3302TM,124064,15,13,8270.933333
10028V,757092,56,54,13519.5
3400PS,22048,2,2,11024
1300YG,66200,2,2,33100
1700AH,14124,2,2,7062
0600RM,635480,58,40,10956.55172
52008K,262120,21,18,12481.90476
36S0CN,295112,20,16,14755.6
0504CH,82404,10,10,8240.4
14008T,100284,5,5,20056.8
38T0WP,108608,11,9,9873.454545
3600QA,94208,5,5,18841.6
4505YB,48216,5,5,9643.2
3701UG,50452,7,6,7207.428571
3300KJ,15092,2,2,7546
27008P,40376,7,5,5768
0501SQ,9068,1,1,9068
3900KJ,799226,84,62,9514.595238
10S0RT,148092,16,15,9255.75
4501ZC,166688,15,12,11112.53333
4501MS,122648,12,12,10220.66667
45T2GQ,103412,9,9,11490.22222
1901ZA,21160,3,3,7053.333333
07S06V,38260,4,4,9565
3800TR,317668,26,21,12218
4400TC,560864,52,44,10785.84615
3301DD,43268,3,3,14422.66667
4901PT,346660,29,27,11953.7931
1800YJ,5100,1,1,5100
50T0DM,82688,10,9,8268.8
33T2KK,17168,2,2,8584
33S1QV,24092,2,2,12046
04T0YM,61260,4,3,15315
4501DK,217896,17,11,12817.41176
2200MT,911532,85,67,10723.90588
4520TK,6068,1,1,6068
0900WC,677932,63,53,10760.8254
2601MU,1231540,110,90,11195.81818
4600GH,10024,1,1,10024
5000DQ,46464,7,7,6637.714286
1900ZG,133572,12,10,11131
06138K,66328,5,4,13265.6
1813ZB,12068,1,1,12068
3901UT,133616,13,12,10278.15385
3302HG,123792,13,13,9522.461538
0504BG,202412,23,23,8800.521739
3913NJ,53216,4,4,13304
2400AB,319072,23,19,13872.69565
2600XR,143544,14,11,10253.14286
2900NB,82348,9,9,9149.777778
5113DP,135468,10,7,13546.8
4900QS,29148,3,3,9716
1513QQ,24092,2,2,12046
4600TV,16168,2,2,8084
4500NJ,2644208,265,241,9978.143396
5000GJ,646032,74,59,8730.162162
05T1PH,188024,24,20,7834.333333
3902UG,650960,39,38,16691.28205
1100YB,78780,9,7,8753.333333
5100XR,243268,23,22,10576.86957
45086P,643368,62,43,10376.90323
1900DN,72308,6,4,12051.33333
05006B,216660,15,15,14444
19008J,84408,7,7,12058.28571
0501RV,808556,86,79,9401.813953
52S0NB,197872,20,19,9893.6
1701TU,622176,50,44,12443.52
45S0QB,200236,18,17,11124.22222
5200VR,120772,13,13,9290.153846
4900AK,194104,20,16,9705.2
1100JH,18092,2,2,9046
2900XG,10200,2,2,5100
1913TH,61068,1,1,61068
4230DG,260600,24,19,10858.33333
3900XQ,400888,31,30,12931.87097
1400DQ,688448,71,58,9696.450704
1002AH,699844,51,41,13722.43137
0600NQ,116700,11,8,10609.09091
1100CJ,765572,77,66,9942.493506
2600DS,349804,32,20,10931.375
04T0WJ,60296,5,5,12059.2
0505VD,72464,7,7,10352
49018D,92432,7,6,13204.57143
45T0KK,30048,2,2,15024
4503JQ,866260,64,44,13535.3125
1400YQ,55228,5,5,11045.6
3900HT,711860,60,40,11864.33333
2413RR,138116,3,3,46038.66667
2500HU,129432,8,7,16179
4220JB,18236,3,3,6078.666667
34016H,270144,19,19,14218.10526
05078K,40284,5,5,8056.8
39T1NR,108408,8,8,13551
3700YH,52332,7,4,7476
4000DA,35304,5,4,7060.8
17018J,50236,3,3,16745.33333
0506RQ,57532,9,9,6392.444444
2613DJ,17168,2,2,8584
6700SA,123628,13,11,9509.846154
1313AV,8136,2,2,4068
2613TB,4000,1,1,4000
0601MJ,457228,42,38,10886.38095
1800KA,522424,50,44,10448.48
1513MC,107492,12,8,8957.666667
1000NU,342576,32,19,10705.5
10S0QS,552248,53,49,10419.77358
0505KQ,2672316,251,181,10646.67729
0502XD,337196,41,30,8224.292683
4502QU,194140,18,14,10785.55556
05T3JK,90732,10,10,9073.2
2400CN,611168,58,33,10537.37931
0507XD,39392,5,5,7878.4
4507SP,114716,12,10,9559.666667
50008M,119636,11,11,10876
3900BG,236192,22,16,10736
3800NK,85620,9,9,9513.333333
4401MT,52344,7,7,7477.714286
1402MS,21236,3,3,7078.666667
45T06G,69352,6,6,11558.66667
4513VB,67352,6,6,11225.33333
3713QJ,6024,1,1,6024
37S0MU,19024,1,1,19024
5000KP,664504,55,43,12081.89091
4901US,207936,21,19,9901.714286
4200ZV,931944,78,66,11948
4900GQ,1204296,97,62,12415.42268
36006V,246540,26,24,9482.307692
23S08S,50240,5,4,10048
2320ZG,543472,48,38,11322.33333
3601PH,318632,28,26,11379.71429
0120KV,166584,12,11,13882
30NAVQ,379032,35,26,10829.48571
1400UB,305292,34,22,8979.176471
4600YU,398820,34,27,11730
3413GC,25092,2,2,12546
2630SC,96860,13,11,7450.769231
0505WG,124208,5,5,24841.6
0700KS,8024,1,1,8024
0501DA,120420,7,7,17202.85714
16T0US,23236,3,3,7745.333333
3320KU,10100,1,1,10100
42T0TD,551688,52,39,10609.38462
1101DA,277104,20,18,13855.2
3100VM,2043324,190,134,10754.33684
0504ZB,153452,9,9,17050.22222
4200MU,486300,46,40,10571.73913
4500UJ,71528,7,7,10218.28571
3901PD,1425904,130,115,10968.49231
3401TG,115756,13,11,8904.307692
0300JK,46708,6,6,7784.666667
3100TA,405820,43,32,9437.674419
05T26H,7168,2,2,3584
14T1JB,440392,28,15,15728.28571
26S18N,24872,5,5,4974.4
2613BP,62172,4,4,15543
11008G,28272,4,4,7068
4000HM,39208,5,2,7841.6
3400RD,1232136,112,90,11001.21429
01T1VM,38148,3,3,12716
4508MT,798600,61,58,13091.80328
0501TJ,242364,13,9,18643.38462
10S0NQ,645536,50,48,12910.72
4501VU,507680,48,40,10576.66667
2500AG,449980,29,27,15516.55172
1001RN,66468,9,9,7385.333333
0505JV,99564,13,12,7658.769231
46S0TC,52276,6,6,8712.666667
0507RT,33284,5,5,6656.8
4513YG,147512,9,6,16390.22222
1401NU,101600,10,5,10160
0301GC,11024,1,1,11024
2301TN,9068,1,1,9068
4521HJ,300968,23,20,13085.56522
3301XM,188320,20,20,9416
51008V,482640,46,33,10492.17391
1002SB,94724,13,13,7286.461538
10006U,42376,7,7,6053.714286
0504AD,33068,1,1,33068
3000KG,247596,18,9,13755.33333
4600VR,52404,6,6,8734
50BZWS,9068,1,1,9068
40008D,69208,5,4,13841.6
3302XR,12324,3,3,4108
0100YT,267276,27,25,9899.111111
1001WM,2017620,179,134,11271.62011
26016H,60384,6,6,10064
3140YC,338100,42,38,8050
36018A,654728,51,36,12837.80392
0100HV,224000,19,12,11789.47368
3100XG,102492,11,11,9317.454545
23S0HR,73252,5,5,14650.4
0502CD,244844,17,17,14402.58824
3901GM,181152,19,15,9534.315789
1102AC,82352,6,6,13725.33333
3603AA,39092,2,2,19546
1000GN,20068,1,1,20068
3600VH,798124,60,47,13302.06667
3900DJ,320096,37,32,8651.243243
1102VS,939496,89,86,10556.13483
4501GC,88432,9,9,9825.777778
2700BH,656388,39,27,16830.46154
2501XR,145992,21,17,6952
0502VR,2067532,194,169,10657.38144
3800DA,123404,10,10,12340.4
2230TM,178968,18,18,9942.666667
32VJUD,44216,4,4,11054
0502PB,6100,1,1,6100
5113QS,52208,5,5,10441.6
3302CB,44236,3,3,14745.33333
1413KB,7024,1,1,7024
0503ZP,69232,6,6,11538.66667
1900ST,32172,4,2,8043
3513SK,53284,5,4,10656.8
1001AC,143740,14,14,10267.14286
4506BC,65356,8,6,8169.5
6700PT,10024,1,1,10024
1413DK,24192,3,3,8064
1513KB,103384,8,8,12923
42S0WJ,11024,1,1,11024
2900UB,702364,57,48,12322.17544
0100PQ,756260,60,40,12604.33333
3900AD,419012,37,36,11324.64865
39026G,159004,15,13,10600.26667
38S0MK,176524,10,10,17652.4
45T8NA,651792,53,41,12297.96226
3901YB,343548,32,23,10735.875
1801KT,48116,4,3,12029
0101QQ,180692,19,13,9510.105263
0503VJ,270048,21,21,12859.42857
1500AB,127744,15,13,8516.266667
3500HU,502364,45,35,11163.64444
0541QT,278436,23,22,12105.91304
45T0QQ,189278,22,19,8603.545455
3813XV,92496,8,8,11562
3700DH,122712,12,9,10226
0505JP,55136,3,3,18378.66667
0100BR,58068,1,1,58068
15T0ZV,22116,3,3,7372
4930ZM,110612,12,11,9217.666667
4900UQ,169644,14,14,12117.42857
3901NC,140868,13,13,10836
43WNSB,208660,13,10,16050.76923
1600PJ,238140,21,15,11340
3300YK,111024,19,12,5843.368421
49016C,86448,10,9,8644.8
1813QN,115520,13,5,8886.153846
33S1CJ,242464,24,24,10102.66667
22S0TC,47328,5,5,9465.6
0504WG,40816,6,6,6802.666667
3413NM,49356,8,6,6169.5
22S0GT,14168,2,2,7084
4502BP,4100,1,1,4100
2230SK,432996,42,35,10309.42857
2100ZH,2235868,228,164,9806.438596
4900HA,521376,40,33,13034.4
1313DC,37268,3,2,12422.66667
4200CD,130916,14,14,9351.142857
26026J,97636,12,10,8136.333333
1101KH,303200,21,17,14438.09524
2800ZD,203004,19,14,10684.42105
1401SS,16048,2,2,8024
0504QU,2000,1,1,2000
1613CB,26184,4,4,6546
4503QV,52352,6,6,8725.333333
0600BC,394884,38,29,10391.68421
2600AV,199472,12,11,16622.66667
45T6XG,109376,7,7,15625.14286
1000HV,562732,57,55,9872.491228
1400AC,124888,17,13,7346.352941
1030ZQ,74444,9,7,8271.555556
1100HN,567132,44,36,12889.36364
0502WS,142820,16,16,8926.25
10028H,72308,6,6,12051.33333
1801WK,27260,4,4,6815
33S3KN,18100,2,2,9050
0506GM,337432,27,22,12497.48148
37T1XB,219648,29,25,7574.068966
2600DC,316116,35,32,9031.885714
4420NM,132752,14,12,9482.285714
4001KC,1968,1,1,1968
1400SV,58140,4,4,14535
0400KV,83520,8,5,10440
24T08J,21154,2,2,10577
2600GD,1188162,102,73,11648.64706
2602XD,17060,3,3,5686.666667
14T1QJ,430028,36,31,11945.22222
5213XM,37236,3,3,12412
34008C,370756,29,29,12784.68966
2313ZN,79360,5,5,15872
11T1WN,55260,5,4,11052
3903YB,84528,8,7,10566
10T0RA,330264,35,29,9436.114286
3901QG,307872,32,30,9621
1500HQ,166612,12,10,13884.33333
1001YP,80380,9,9,8931.111111
4501BV,41428,6,5,6904.666667
11T1BU,85240,5,5,17048
4001TN,14160,3,3,4720
1300BM,44260,5,4,8852
4501DB,44140,4,3,11035
0500UB,7024,1,1,7024
1813QU,12068,1,1,12068
3602PN,413228,39,36,10595.58974
5001XP,158860,18,15,8825.555556
3301QB,2708304,244,215,11099.60656
36T1VT,63352,6,5,10558.66667
0506JH,292412,29,29,10083.17241
1800BP,112572,12,10,9381
0506WV,67228,5,5,13445.6
5200GV,890764,70,39,12725.2
2600JA,104216,5,5,20843.2
1913NA,198032,22,13,9001.454545
1800AN,236632,14,12,16902.28571
0101RJ,83552,12,12,6962.666667
0401PQ,123336,13,12,9487.384615
3713PV,80408,9,6,8934.222222
0100NP,92412,8,8,11551.5
39S0QB,88164,5,5,17632.8
4506RD,52292,4,4,13073
3602CJ,53284,5,5,10656.8
0213JN,21048,2,1,10524
45T3XA,9068,1,1,9068
39016T,205492,10,10,20549.2
10026U,2782240,235,141,11839.31915
1402GT,466668,54,46,8642
0500AM,245348,22,19,11152.18182
2600VP,927484,62,45,14959.41935
0501VM,235812,17,16,13871.29412
4220KC,53308,6,5,8884.666667
4513RT,108936,15,15,7262.4
4520SA,28068,1,1,28068
1800ZS,35284,5,4,7056.8
18T0RJ,173840,15,11,11589.33333
03S0BC,65404,5,5,13080.8
3413CA,34292,4,4,8573
4506AB,40192,3,3,13397.33333
3700PK,9068,1,1,9068
1413HD,17024,1,1,17024
1901KP,13068,1,1,13068
4401AH,125384,6,6,20897.33333
23008Q,208100,20,18,10405
0101MC,1140664,115,76,9918.817391
3130WB,158556,10,10,15855.6
1900KT,578976,64,41,9046.5
1101GR,188128,19,19,9901.473684
11006D,205808,15,12,13720.53333
3600BR,192916,19,19,10153.47368
1001CU,23260,4,4,5815
0400BN,99396,7,7,14199.42857
28018H,28192,3,3,9397.333333
14006K,60456,10,9,6045.6
0420WJ,59208,5,5,11841.6
4900XT,70356,8,5,8794.5
0500NR,46252,5,5,9250.4
0506PN,7068,1,1,7068
4502HM,34200,3,3,11400
17138C,13100,1,1,13100
2301XS,1382628,109,77,12684.66055
4507DH,207828,16,16,12989.25
45066J,144564,9,9,16062.66667
4900BM,92708,11,10,8428
3401NP,122808,13,13,9446.769231
2200QQ,656312,67,57,9795.701493
18T1KB,124268,12,8,10355.66667
4400RA,145680,12,11,12140
3700VC,51344,7,6,7334.857143
0504TB,103644,10,10,10364.4
1002SS,32116,3,3,10705.33333
14S1TN,49184,4,4,12296
1701UV,38172,4,2,9543
31018K,7024,1,1,7024
0100CC,6024,1,1,6024
3900NM,1313776,132,93,9952.848485
0900UA,1606408,160,111,10040.05
2302KU,279600,28,28,9985.714286
0101WQ,452532,40,35,11313.3
5213KT,88708,14,11,6336.285714
2700NT,442968,53,34,8357.886792
5213QK,29192,3,3,9730.666667
47008S,90440,6,5,15073.33333
2920TR,6100,1,1,6100
0504SA,51408,8,8,6426
44T1VH,5024,1,1,5024
4200KN,110672,12,12,9222.666667
2813DB,18068,1,1,18068
2200CK,31024,1,1,31024
1900VJ,5068,1,1,5068
27CTMQ,10048,2,2,5024
3900WG,544828,41,38,13288.4878
1500YU,38268,5,5,7653.6
37016P,196988,18,17,10943.77778
1813XV,56316,5,4,11263.2
0500DQ,314484,27,26,11647.55556
33S3RT,5068,1,1,5068
4504CG,158164,18,18,8786.888889
50UWMC,553220,43,30,12865.5814
1300GQ,242332,20,18,12116.6
31S0VB,146832,12,11,12236
23028S,106704,12,10,8892
4508NN,174692,17,8,10276
1901JN,64160,3,3,21386.66667
4530QU,121084,14,13,8648.857143
3713DT,34160,3,3,11386.66667
26T0CK,16068,1,1,16068
3303CS,14024,1,1,14024
4507GJ,49124,2,2,24562
5200GH,1175932,126,91,9332.793651
0400NR,264824,31,26,8542.709677
0401KM,440908,39,29,11305.33333
39008N,380108,39,30,9746.358974
0507RM,35140,4,4,8785
1613YC,28204,3,3,9401.333333
1002PG,194084,21,19,9242.095238
1020GM,74956,9,9,8328.444444
04006B,147608,14,11,10543.42857
0502VB,51252,5,5,10250.4
4505MS,151584,12,5,12632
3400XG,57380,9,7,6375.555556
1500PJ,47584,6,6,7930.666667
3200BK,6068,1,1,6068
3700BD,191952,17,13,11291.29412
3302UU,905556,69,68,13124
0700QQ,397520,24,18,16563.33333
2601KM,256248,26,23,9855.692308
23T1ZR,250616,25,24,10024.64
4900MP,135292,17,16,7958.352941
1900GG,61328,5,5,12265.6
45T56C,84424,5,5,16884.8
0400ZA,58516,11,11,5319.636364
1003VC,62484,7,7,8926.285714
5300SB,61384,6,4,10230.66667
1102XU,31268,4,3,7817
3400TA,132592,11,10,12053.81818
3602KJ,143732,14,12,10266.57143
3900CH,23096,4,4,5774
3304TH,120628,12,11,10052.33333
1902VC,43284,5,5,8656.8
4600NH,290764,34,29,8551.882353
3500AP,288368,25,22,11534.72
42208A,171016,16,14,10688.5
1413MK,13092,2,2,6546
0413VM,85216,4,3,21304
3600KC,290022,20,12,14501.1
4533ZM,101224,3,3,33741.33333
0500HS,12068,1,1,12068
05T2XC,8024,1,1,8024
1000GU,853348,78,76,10940.35897
1500ZV,568108,47,34,12087.40426
2913UM,86336,4,4,21584
3300KR,869628,72,62,12078.16667
2913GC,105544,9,7,11727.11111
3700VS,237128,16,14,14820.5
4507TQ,98352,6,6,16392
0301YR,71364,7,6,10194.85714
14S2AA,18092,2,2,9046
0501SH,35168,2,2,17584
3401RS,263262,18,17,14625.66667
1100VG,325384,33,20,9860.121212
22006G,241580,32,32,7549.375
52006Q,567380,45,36,12608.44444
06008K,254544,29,28,8777.37931
3302QV,20236,3,3,6745.333333
5000KV,932832,95,78,9819.284211
0520ZS,30168,2,2,15084
2301UP,1220316,113,105,10799.25664
3303KC,145188,7,7,20741.14286
1813KQ,14168,2,2,7084
1413PU,25124,2,2,12562
2100SU,59304,5,5,11860.8
0500PK,115184,4,4,28796
1000NG,866988,61,53,14212.91803
3400GJ,289668,30,28,9655.6
4400BQ,126564,13,12,9735.692308
3302TT,238396,11,8,21672.36364
4401DC,62264,6,6,10377.33333
45T6VC,57452,7,7,8207.428571
4507AS,54840,6,6,9140
1513DC,24236,3,3,8078.666667
0400AM,130380,11,7,11852.72727
3713GU,87260,4,1,21815
51S0ZB,425856,32,26,13308
4600UQ,403840,27,24,14957.03704
3302MM,34116,3,3,11372
0503BS,105968,11,11,9633.454545
1913GQ,45348,5,4,9069.6
4508SS,42100,1,1,42100
0503VA,71376,7,7,10196.57143
0500KG,38252,5,5,7650.4
1613HU,46368,5,1,9273.6
4001PH,88668,11,8,8060.727273
5013RH,44248,4,4,11062
34138G,142628,8,8,17828.5
4040ZT,54372,5,5,10874.4
52S0XP,20092,2,2,10046
3900UC,797496,67,53,11902.92537
2000GD,26148,3,3,8716
0503AJ,113728,9,9,12636.44444
4506XT,150584,12,12,12548.66667
2520QA,12136,2,2,6068
42S0VH,37116,3,3,12372
01006V,1471252,108,74,13622.7037
2600TM,6100,1,1,6100
3400VK,37232,6,6,6205.333333
4530PT,192200,19,16,10115.78947
0300BR,28116,3,3,9372
1530WU,58452,6,6,9742
0400VS,39252,5,5,7850.4
44S1RS,59140,4,4,14785
1013ZD,25284,5,5,5056.8
4920MC,303112,28,23,10825.42857
3601QR,34304,4,4,8576
0507UQ,281620,28,26,10057.85714
14S0GM,28192,3,3,9397.333333
4530RH,385552,31,25,12437.16129
4930XJ,350448,25,22,14017.92
3301TU,274540,30,30,9151.333333
2301KC,114132,16,11,7133.25
1101NB,69528,7,6,9932.571429
4503NT,106300,7,6,15185.71429
0530NP,99260,4,4,24815
15T06Q,23192,3,3,7730.666667
1401QQ,6068,1,1,6068
2800WA,30228,4,4,7557
0501TB,38216,4,4,9554
3013PT,22116,4,3,5529
33026U,1333984,130,109,10261.41538
5200YU,932708,84,75,11103.66667
33T18B,237244,20,17,11862.2
26406Q,57820,7,5,8260
2501ND,62444,8,7,7805.5
1900MU,12168,2,2,6084
0100MN,72260,5,5,14452
05T3KM,110464,12,12,9205.333333
3300UT,122508,9,9,13612
52T1BH,102908,10,10,10290.8
4506KN,84308,6,6,14051.33333
0100BK,33208,5,5,6641.6
52T16D,6024,1,1,6024
5000CP,92912,11,10,8446.545455
2601ZG,187072,20,17,9353.6
16136U,284780,18,7,15821.11111
2302SU,394652,26,26,15178.92308
52S0RG,67512,9,7,7501.333333
5200UQ,204996,21,17,9761.714286
0120MA,25136,2,2,12568
3313DP,13100,1,1,13100
4400GD,27116,3,2,9038.666667
0502SU,126792,13,13,9753.230769
36T2DK,30292,4,4,7573
33T2UU,100444,8,7,12555.5
1002YK,39216,4,4,9804
33T2RR,17100,1,1,17100
33S2WN,5024,1,1,5024
4503AG,70400,5,5,14080
2413TN,59276,6,5,9879.333333
1701AA,172976,13,13,13305.84615
1800GS,89540,12,6,7461.666667
11008V,205292,13,6,15791.69231
4400VG,74500,10,10,7450
1401KS,52220,6,6,8703.333333
1701DN,13092,2,2,6546
1800MB,93564,9,9,10396
0507UA,44260,4,4,11065
1700SS,54096,4,4,13524
4901RP,453264,44,38,10301.45455
19T0BD,30168,2,2,15084
1100GM,10024,2,2,5012
45S5TK,63552,8,7,7944
3713BR,50192,3,3,16730.66667
36T0BD,251148,31,24,8101.548387
0900TV,316364,30,26,10545.46667
5201CG,352724,43,38,8202.883721
3901KJ,235112,21,17,11195.80952
45S3VV,38216,6,6,6369.333333
4502ZK,66340,6,5,11056.66667
50T0XB,85228,4,4,21307
0601US,41160,3,2,13720
0900QS,26024,1,1,26024
0500JU,121720,15,15,8114.666667
1930JA,140744,18,16,7819.111111
3500YK,254548,26,23,9790.307692
0101KK,270340,25,22,10813.6
3400QM,38264,6,5,6377.333333
3400MQ,277856,23,18,12080.69565
5213RC,70184,4,4,17546
4520ZK,19160,3,3,6386.666667
4507UR,48360,5,5,9672
53MBUJ,16148,3,3,5382.666667
34S0XH,65172,5,5,13034.4
3302UN,54308,6,6,9051.333333
17018R,19000,1,1,19000
39S2AQ,2248,2,2,1124
18008N,39160,3,3,13053.33333
1400PC,270608,33,25,8200.242424
0502DG,105492,10,10,10549.2
4530RV,205548,10,10,20554.8
19016K,117612,16,9,7350.75
3601WR,1168404,121,93,9656.231405
3200RC,196900,17,9,11582.35294
20XZTG,194132,23,22,8440.521739
4401RB,42224,3,3,14074.66667
0504RV,75352,6,5,12558.66667
39T0NJ,36404,5,5,7280.8
0700PV,35024,1,1,35024
1002DS,783756,80,62,9796.95
1400NB,32116,3,3,10705.33333
1001KG,280848,27,22,10401.77778
1800AD,1677144,156,108,10750.92308
5001VM,691388,52,51,13295.92308
05S2QB,66352,6,6,11058.66667
3300CA,277144,32,30,8660.75
33038A,769836,80,56,9622.95
0501KH,65396,7,7,9342.285714
1613HN,42048,2,2,21024
3500XJ,83368,8,6,10421
0301UM,130608,8,8,16326
3702TP,64388,8,8,8048.5
1813DJ,17204,3,3,5734.666667
0500MQ,35224,3,3,11741.33333
05S1QC,48124,2,2,24062
0613RM,9068,1,1,9068
3602ZC,8092,2,2,4046
1800XQ,260124,21,13,12386.85714
0800RA,197100,19,19,10373.68421
3600KM,198416,19,19,10442.94737
4430ZC,272460,25,24,10898.4
1513GD,29168,2,2,14584
4901TR,58116,4,2,14529
1500VJ,82460,6,5,13743.33333
49S0NM,42296,5,5,8459.2
35S0NC,202536,11,9,18412.36364
1600UQ,118516,11,5,10774.18182
0413HS,126440,8,5,15805
0613JC,54116,3,2,18038.66667
4507CU,31216,4,4,7804
0400DH,661088,59,41,11204.88136
4401TT,987436,75,58,13165.81333
4401VH,442412,44,33,10054.81818
3100GR,614668,56,44,10976.21429
0630DA,68232,6,6,11372
0500TA,85432,8,8,10679
4313XG,41260,4,3,10315
1400ZA,59276,6,6,9879.333333
37006K,85456,9,8,9495.111111
4505GM,191924,27,24,7108.296296
0213HK,21124,2,2,10562
10T0ZM,278528,24,24,11605.33333
3000QM,682616,61,50,11190.42623
3701WA,306692,22,17,13940.54545
4300DV,153436,22,19,6974.363636
3401WB,108548,12,11,9045.666667
4506MP,133688,15,14,8912.533333
2400SU,6068,1,1,6068
1920VP,9024,1,1,9024
05S7CP,27092,2,2,13546
1100PN,108300,7,5,15471.42857
4507BT,1752844,127,101,13801.92126
4900XD,301516,24,23,12563.16667
1600DG,338984,33,26,10272.24242
0600ZH,191040,17,14,11237.64706
05028K,94400,8,8,11800
3901CQ,377940,37,35,10214.59459
45T2JT,47276,6,6,7879.333333
1920ND,29284,6,6,4880.666667
49T0BU,118640,13,12,9126.153846
1902SH,178736,12,12,14894.66667
14T2SJ,112484,7,7,16069.14286
0507KD,142620,8,8,17827.5
33T0HA,24296,6,6,4049.333333
1500RC,65532,8,8,8191.5
1713NH,84252,6,4,14042
3302PP,7048,2,2,3524
3300JH,39268,3,3,13089.33333
4513ZP,14100,1,1,14100
1902DQ,12024,1,1,12024
3901AU,644624,66,60,9767.030303
4508JR,126532,13,9,9733.230769
2602CN,133708,14,12,9550.571429
33018J,124704,12,12,10392
0300SM,469500,44,36,10670.45455
1401HP,324436,32,22,10138.625
33S1RA,15100,1,1,15100
49T1ZC,123804,14,12,8843.142857
4506GQ,28216,4,4,7054
0507YU,34284,5,5,6856.8
1000WJ,95524,10,10,9552.4
33S2UK,83328,5,5,16665.6
0503YN,152080,17,17,8945.882353
1601RH,190852,15,7,12723.46667
0502AB,132100,10,9,13210
0200NK,138816,14,8,9915.428571
3900UM,31284,5,5,6256.8
0500BN,28072,3,3,9357.333333
3701NU,11124,2,2,5562
4200CT,626936,52,48,12056.46154
45T6YH,144916,15,13,9661.066667
1000YM,914876,65,51,14075.01538
1600GH,1554284,147,103,10573.36054
1101BN,128868,17,15,7580.470588
2301SM,183972,15,15,12264.8
0301BV,430212,44,42,9777.545455
3601HH,242960,21,13,11569.52381
4500HB,288620,25,22,11544.8
0413DQ,154456,9,8,17161.77778
3303RK,32172,5,5,6434.4
1400KV,42284,5,5,8456.8
3100WN,89312,8,8,11164
01006H,110416,10,8,11041.6
4520TS,31136,2,2,15568
1002CK,45260,4,4,11315
1002AP,206544,9,9,22949.33333
1801UH,30236,3,3,10078.66667
4000ZB,53268,3,3,17756
4100AC,53284,6,6,8880.666667
1800ZB,327308,26,20,12588.76923
2900PC,178272,22,22,8103.272727
3300MK,54364,6,6,9060.666667
1401TT,38184,4,4,9546
0720NB,288580,29,25,9951.034483
4500GQ,81452,8,6,10181.5
1500KT,21184,4,4,5296
0600XT,69468,9,9,7718.666667
29136T,4068,1,1,4068
4600UA,187240,19,17,9854.736842
1401NN,22124,2,2,11062
1800HM,14160,3,3,4720
19206N,30048,2,2,15024
5300WH,5024,1,1,5024
03T0VM,24168,2,2,12084
2200VV,737848,65,51,11351.50769
0501AD,218484,18,18,12138
0300TN,264412,30,29,8813.733333
3400VS,475744,47,35,10122.21277
4200TP,56432,8,6,7054
3200BS,147384,6,6,24564
2500XR,132648,12,11,11054
3300MS,100412,8,8,12551.5
1920KB,176520,9,8,19613.33333
0300UP,53096,4,4,13274
1500DN,116604,12,10,9717
0502QC,58408,7,7,8344
1800VD,15048,2,1,7524
4506TV,25072,3,3,8357.333333
0507SN,15068,1,1,15068
0700QA,1822360,158,127,11533.92405
4401DM,2780816,253,169,10991.36759
1400AT,78284,5,5,15656.8
36T06B,39240,5,5,7848
4520PD,35384,6,6,5897.333333
5013YR,26278,4,4,6569.5
4213UC,42316,5,5,8463.2
0504DR,145456,9,9,16161.77778
4600JC,152556,10,9,15255.6
2200JA,827788,77,61,10750.49351
2930AT,676040,57,50,11860.35088
0700JR,2529544,206,170,12279.33981
05016S,311272,25,25,12450.88
2302ZH,1454152,134,110,10851.8806
23S1DV,347544,33,32,10531.63636
2201HV,228200,26,25,8776.923077
1501HB,45460,7,4,6494.285714
1700WA,167752,11,9,15250.18182
1613SK,37216,4,3,9304
3900NC,81588,9,8,9065.333333
1402PU,79536,10,8,7953.6
15T0SN,47172,4,4,11793
19S1JU,5100,1,1,5100
1901NR,31048,2,2,15524
05018N,2474820,212,167,11673.67925
33T1NH,413988,30,26,13799.6
1500DU,177540,13,9,13656.92308
3900PD,66148,3,3,22049.33333
37008M,24184,4,3,6046
5000WD,14048,2,2,7024
3100ZJ,20000,1,1,20000
25T0PT,6100,1,1,6100
2303AA,151504,14,14,10821.71429
1900PA,1587592,158,129,10048.05063
04S0VG,136840,16,14,8552.5
4508UU,155740,20,17,7787
2400MP,120804,13,11,9292.615385
45026C,1104688,98,53,11272.32653
4508JJ,175892,18,14,9771.777778
1701AJ,706128,63,49,11208.38095
2301XK,254232,20,20,12711.6
2413HV,54384,6,5,9064
2300MD,69500,9,9,7722.222222
45078C,47292,4,3,11823
1120AA,47792,8,6,5974
0113WN,41140,4,3,10285
2413SS,95208,6,4,15868
05T1YT,43460,6,6,7243.333333
37S06Q,3068,1,1,3068
1500RM,12068,1,1,12068
0501MA,3632652,333,292,10908.86486
0100KT,1006348,100,79,10063.48
1400MA,212968,18,15,11831.55556
4400YK,607440,62,44,9797.419355
0300TD,227328,23,23,9883.826087
49S06D,126812,14,14,9058
5200SN,110628,13,12,8509.846154
0500KP,26124,2,2,13062
0420UG,6048,2,2,3024
2500RA,50392,6,5,8398.666667
3613QV,48248,5,4,9649.6
1120DD,32092,3,3,10697.33333
4508CB,20124,2,2,10062
4401RR,31168,2,2,15584
0501KQ,13100,2,2,6550
4401BJ,12100,1,1,12100
3300VU,260116,25,24,10404.64
37028B,263288,26,26,10126.46154
3100UR,198764,18,18,11042.44444
3902TT,164484,12,12,13707
3300UM,108328,11,8,9848
3400QT,490396,42,39,11676.09524
3100VS,186808,14,14,13343.42857
2313PH,137548,11,10,12504.36364
1102UR,69488,8,3,8686
2300PV,192188,18,14,10677.11111
4508RR,8100,1,1,8100
0501PM,42092,2,2,21046
11T0DH,21168,2,2,10584
03T0TJ,27192,3,3,9064
2413UN,96232,7,7,13747.42857
4901JP,16168,2,2,8084
2200WA,658048,53,49,12416
1000UU,1284772,127,89,10116.31496
5000TJ,198192,8,4,24774
37T0QA,103532,9,7,11503.55556
5200TV,395060,37,34,10677.2973
4530MB,74324,9,9,8258.222222
2300HV,92340,7,7,13191.42857
2601YD,12024,1,1,12024
2900PS,120048,10,10,12004.8
05008C,81512,9,9,9056.888889
1720AS,90044,10,9,9004.4
52M3NV,21092,2,2,10546
10T2UA,5068,1,1,5068
0700UU,30096,4,4,7524
0506NM,41096,5,5,8219.2
1500WK,292684,26,25,11257.07692
4900NA,2717000,230,166,11813.04348
07S0RS,18100,1,1,18100
1100ND,319524,27,26,11834.22222
2313NU,19228,4,4,4807
1613CK,128500,9,8,14277.77778
25006D,74396,7,7,10628
3303SM,132856,17,12,7815.058824
3120DK,14236,3,3,4745.333333
4600QK,21068,1,1,21068
3302BQ,2281524,197,180,11581.3401
1001HK,259116,21,21,12338.85714
39008G,201760,18,16,11208.88889
0501JP,137804,13,12,10600.30769
2500DS,128832,14,14,9202.285714
3300BH,54240,5,5,10848
26006N,181012,19,10,9526.947368
0500BD,87428,6,6,14571.33333
33S0TC,6100,1,1,6100
1920BA,75160,4,4,18790
0513ST,73168,2,2,36584
49T1YB,35268,3,3,11756
0502RT,44228,4,4,11057
2313BJ,8068,1,1,8068
31S0NQ,7100,1,1,7100
3800HC,653664,59,54,11079.05085
3100WD,114480,9,9,12720
3400DH,712576,60,46,11876.26667
4520AD,142528,12,11,11877.33333
1001UR,139612,12,11,11634.33333
0700ZD,69324,5,5,13864.8
0301WP,10024,1,1,10024
0502BC,102348,13,13,7872.923077
3903HN,239804,14,13,17128.85714
4900QK,74224,11,8,6747.636364
15T0BC,189928,16,15,11870.5
1401WQ,47184,4,4,11796
4505RA,114808,15,15,7653.866667
19S0YG,62396,7,7,8913.714286
3401PA,6024,1,1,6024
4501SR,17048,2,2,8524
0507KN,10168,2,2,5084
1513HG,3100,1,1,3100
1400XG,15068,1,1,15068
0504PT,169736,13,13,13056.61538
4300QC,115592,10,8,11559.2
0505HT,214644,15,15,14309.6
0301AU,264420,26,26,10170
33T1GV,75192,3,3,25064
3600PV,153132,17,17,9007.764706
2401DB,133564,8,7,16695.5
0320ZM,10124,2,2,5062
1002BQ,347436,23,21,15105.91304
3601JK,447148,39,34,11465.33333
3900VN,386472,26,24,14864.30769
53BJTG,162724,12,12,13560.33333
34T0ZJ,89480,10,9,8948
05T58B,59240,6,6,9873.333333
1700NN,111604,13,9,8584.923077
2600SK,511260,41,29,12469.7561
4900MG,43368,4,3,10842
2313TD,51208,5,5,10241.6
1713KN,36048,2,2,18024
3800ZB,129512,9,9,14390.22222
4505SB,49284,5,4,9856.8
4200DG,58092,3,3,19364
4900VR,32228,4,4,8057
1700RR,63092,2,2,31546
4313GR,9100,1,1,9100
0502GH,49292,4,4,12323
0503AR,5024,1,1,5024
49T06S,133928,15,13,8928.533333
2401KJ,259552,27,21,9613.037037
4520WG,85576,10,10,8557.6
3100SV,228124,20,20,11406.2
2400YG,469364,45,42,10430.31111
44T1UG,5024,1,1,5024
4000KH,70260,4,4,17565
2400JT,107584,14,11,7684.571429
1701CC,317772,19,9,16724.84211
0600KD,21116,3,2,7038.666667
0504NS,20204,3,3,6734.666667
2413YM,9024,1,1,9024
5313HS,13024,1,1,13024
3300PD,374788,31,30,12089.93548
39018P,319448,41,34,7791.414634
1800UM,303256,25,25,12130.24
2800KS,543440,43,39,12638.13953
1401TM,232444,26,25,8940.153846
04008M,143772,13,10,11059.38462
0400MQ,60808,5,5,12161.6
2613UC,100540,8,7,12567.5
5000BD,13236,3,3,4412
39028Q,61908,7,6,8844
1800RH,23148,3,3,7716
1413GT,35116,3,3,11705.33333
2800JR,426224,38,33,11216.42105
10016R,1351108,117,75,11547.93162
05056M,261984,33,33,7938.909091
2600UD,154168,21,17,7341.333333
2500RJ,72372,6,4,12062
0300NP,19348,5,5,3869.6
0505SJ,16136,2,2,8068
2100VK,64212,7,6,9173.142857
04138T,79228,4,3,19807
3100NR,80792,13,13,6214.769231
05026J,66116,4,4,16529
3301RK,549420,63,48,8720.952381
3513UN,94172,4,2,23543
1901TA,125680,11,11,11425.45455
11S0KQ,12048,2,1,6024
3401RC,227248,20,15,11362.4
5013UT,85384,6,5,14230.66667
0503JK,47344,7,7,6763.428571
3800AD,10136,2,2,5068
3902BJ,41216,4,4,10304
10T06N,7100,1,1,7100
45T0VV,64292,4,4,16073
33S1JQ,44148,3,3,14716
4505PU,6024,1,1,6024
34S0KQ,185028,17,16,10884
3602GC,924080,88,72,10500.90909
35T0MM,148696,15,12,9913.066667
0503NV,1348192,122,91,11050.7541
3302ZM,198716,23,19,8639.826087
4600NQ,17048,2,2,8524
1402RA,373136,26,22,14351.38462
3100HK,242720,15,13,16181.33333
3900RQ,68408,7,7,9772.571429
2000AV,37216,4,3,9304
33S2TJ,5068,1,1,5068
1800TK,1565488,139,106,11262.5036
1413ZM,154272,18,15,8570.666667
2600ND,236716,12,12,19726.33333
3420KJ,175816,14,12,12558.28571
3800GB,129544,9,8,14393.77778
3401UV,43228,4,4,10807
36T1KH,169144,14,14,12081.71429
3302RJ,7068,1,1,7068
0501YQ,35208,6,6,5868
1130HA,24204,3,3,8068
3401ZP,269244,25,25,10769.76
1501ZA,2840032,241,208,11784.36515
2500CR,88192,9,6,9799.111111
3603KM,551344,51,41,10810.66667
1600JC,20092,2,2,10046
1613BQ,334308,24,14,13929.5
4530VD,94232,6,5,15705.33333
3720YS,31172,4,4,7793
0400WD,116704,12,12,9725.333333
1900YN,71400,9,7,7933.333333
1002CR,613468,64,61,9585.4375
4900TV,91288,7,6,13041.14286
1501UR,576788,52,48,11092.07692
2500XJ,743208,66,53,11260.72727
2200YS,126044,18,17,7002.444444
3701ZN,210448,23,21,9149.913043
1701MN,270760,13,13,20827.69231
18006C,106744,16,14,6671.5
1402CJ,387808,36,27,10772.44444
1501YV,187308,25,18,7492.32
1300DP,84612,10,8,8461.2
4508TD,14236,3,3,4745.333333
4520CA,30024,1,1,30024
4503TC,28024,1,1,28024
34006R,369856,35,31,10567.31429
2000MC,195232,24,17,8134.666667
3700JD,1717356,142,104,12094.05634
3602AG,212944,17,10,12526.11765
4504UB,116628,12,11,9719
12KDJU,86360,14,13,6168.571429
22008H,147492,10,10,14749.2
15016B,183964,18,18,10220.22222
45T4NS,148388,8,8,18548.5
0200GB,13100,1,1,13100
1413VU,138904,14,11,9921.714286
0101AV,699660,65,54,10764
0504ZK,625424,55,49,11371.34545
1000SC,94424,9,9,10491.55556
27006D,579940,50,32,11598.8
31016A,59426,6,6,9904.333333
1601KA,266412,27,23,9867.111111
03T0XP,78432,10,10,7843.2
0100UV,43876,7,7,6268
4513UQ,27296,5,4,5459.2
1000MD,25200,2,2,12600
2313PV,14200,3,3,4733.333333
1001NJ,13192,3,3,4397.333333
33T2ZD,10092,2,2,5046
1920GT,6092,2,2,3046
0503HQ,408728,51,36,8014.27451
3302ND,860580,88,83,9779.318182
0500YV,268412,29,28,9255.586207
2200MM,1889728,163,148,11593.42331
3902RB,298876,25,24,11955.04
1700DM,12092,2,2,6046
10T0QV,66352,7,7,9478.857143
3301TG,20268,3,3,6756
3800DJ,193564,9,8,21507.11111
38136C,16136,2,2,8068
